nombre,localidad,provincia,longitud,latitud
El Madroño,El Madroño,Sevilla,-6.509198525614372,37.644854997032915
Lanteira,Lanteira,Granada,-3.137099762105006,37.16829781480474
Garrucha,Garrucha,Almería,-1.8230646764019804,37.17652296068211
Cantoria,Cantoria,Almería,-2.1962594987479553,37.3525097088661
Madre de Dios,Jerez de la Frontera,Cádiz,-6.130577845907644,36.6790627158917
S. José de Malcocinado-Los Badalejos,Malcocinado,Cádiz,-5.869790283459642,36.35855693900645
Algarrobo Costa,Algarrobo-Costa,Málaga,-4.053238369555555,36.74746034772143
Zaidín Sur,Granada,Granada,-3.5990046333604266,37.15358895875029
Barbate I (Anexo Materno Infantil),Barbate,Cádiz,-5.926209732976382,36.189172548173545
Mecina Alfahar,Mecina Alfahar,Granada,-3.068466814074946,36.99719893308175
Cuevas del Campo,Cuevas del Campo,Granada,-2.9296115148820907,37.607107820466645
Baena Dr. Ignacio Osuna Gómez,Baena,Córdoba,-4.321315530568688,37.619118913605426
Fuentes de Andalucía,Fuentes de Andalucía,Sevilla,-5.347446178635059,37.4631565956047
Rodalquilar,Rodalquilar,Almería,-2.0415658126985594,36.846593431589206
Lomopardo,Lomopardo,Cádiz,-6.082848894905106,36.654688938363236
Vélez-Benaudalla,Vélez de Benaudalla,Granada,-3.516751686470687,36.83076078393853
Villaverde del Rio,Villaverde del Río,Sevilla,-5.869524138388809,37.58834099913709
Gaucín,Gaucín,Málaga,-5.315532572787371,36.5219657029342
Cortes de Baza,Cortes de Baza,Granada,-2.77024292022926,37.65624253090376
Las Negras,Las Negras,Almería,-2.0076593355967254,36.8787189858139
Burguillos,Burguillos,Sevilla,-5.967014476492797,37.58616359801681
Hornos de Segura,Hornos,Jaén,-2.7199997581326545,38.216717378339084
Levante Norte de Córdoba,Córdoba,Córdoba,-4.755516558760256,37.89661272040899
Lora de Estepa,Lora de Estepa,Sevilla,-4.828237196194247,37.26743545941842
La Rábita,La Rábita,Jaén,-4.0571774721419365,37.504275490303506
La Puebla de Cazalla,La Puebla de Cazalla,Sevilla,-5.316176893579945,37.22132519563122
Sierra Elvira,Sierra Elvira,Granada,-3.7228016954905465,37.22905999450264
Noalejo Don Antonio Moreno Ortega,Noalejo,Jaén,-3.6535212173600122,37.528511858648926
Villanueva de la Reina,Villanueva de la Reina,Jaén,-3.9174902978463617,38.00519493331479
Alcaracejos,Alcaracejos,Córdoba,-4.968555001609223,38.3870098273133
Loja,Loja,Granada,-4.15329723984719,37.17076664761245
Corcoya,Corcoya,Sevilla,-4.6902385246332825,37.27072301387923
El Almendral,El Almendral,Granada,-4.126560683847417,36.98569755947058
Espera,Espera,Cádiz,-5.806649654919155,36.87017895111
Manzanilla,Manzanilla,Huelva,-6.437461678328072,37.38980740999052
Candón,Candón,Huelva,-6.739533757887637,37.391063749341214
Zurgena,Zurgena,Almería,-2.038790134924098,37.34177527734891
Guadahortuna,Guadahortuna,Granada,-3.3971599200791838,37.55579950080947
La Luz (Los Girasoles),Málaga,Málaga,-4.455950474662804,36.69530105673387
Motril-San Antonio,Motril,Granada,-3.5182929419726414,36.755795563526966
Pampaneira,Pampaneira,Granada,-3.3616179975713867,36.940369029838976
Algeciras-Centro,Algeciras,Cádiz,-5.4499360008625315,36.13319799979715
Guadix,Guadix,Granada,-3.1386759980706467,37.30307292158859
Las Cuevas (Guadix),Guadix,Granada,-3.1346961757737937,37.29147235810113
El Rubio,El Rubio,Sevilla,-4.98896818965044,37.35498755411851
Las Delgadas,Las Delgadas,Huelva,-6.576188501358812,37.65839666899879
Santa Cruz del Comercio,Santa Cruz del Comercio,Granada,-3.9770838460019324,37.06089674427555
Fines,Fines,Almería,-2.2623172953026836,37.361547166544234
Zambra,Zambra,Córdoba,-4.38549783548472,37.38856087615518
Ventorros de la Laguna,Ventorros de la Laguna,Granada,-4.228058251452707,37.20279083890353
Hinojos,Hinojos,Huelva,-6.376945601526145,37.291782289385395
Zalea,Zalea,Málaga,-4.745115938512882,36.76824753260217
Valdepeñas,Valdepeñas de Jaén,Jaén,-3.817872552107539,37.59146941659456
Cómpeta,Cómpeta,Málaga,-3.9769865591163485,36.83462858261067
Beas,Beas,Huelva,-6.795989488124592,37.42421377425886
Arroyo Frio,Arroyo Frío,Jaén,-2.9207281204173055,37.94495285916058
Cartajima,Cartajima,Málaga,-5.153182530136921,36.64510928012844
Algeciras-Norte,Algeciras,Cádiz,-5.453807826338842,36.14372679168729
San José de la Rinconada-Los Carteros,San José de la Rinconada,Sevilla,-5.9490676245095715,37.479354611398094
Macharaviaya,Macharaviaya,Málaga,-4.21282850558216,36.76231096239041
Casería de Montijo,Granada,Granada,-3.6078652285884734,37.1921151413572
Leganitos,Marbella,Málaga,-4.885901189242894,36.51305288856922
los Palacios San Isidro,Los Palacios y Villafranca,Sevilla,-5.924599533550652,37.16990416718601
Mondrón,Mondrón,Málaga,-4.227760447935705,36.94017911249024
Algámitas,Algámitas,Sevilla,-5.149072431742018,37.01542864554872
La Chana,Granada,Granada,-3.626467203234121,37.192988268146124
Turro,El Turro,Granada,-3.9410543146145174,37.13336691026752
Alhabia,Alhabia,Almería,-2.5879208142782826,36.98920045785644
Los Romanes,Los Romanes,Málaga,-4.198003333034316,36.86979112661678
Montillana,Montillana,Granada,-3.6717063299942336,37.49983633073109
Zuheros,Zuheros,Córdoba,-4.315940747619153,37.54243899512604
Almoraima,Almoraima,Cádiz,-5.428598543275103,36.27731389331591
Mesas de Asta,Mesas de Asta,Cádiz,-6.174229598703501,36.788876959640135
Jabalquinto,Jabalquinto,Jaén,-3.726733086269857,38.0198492962257
Marchena Ricardo Martínez Sánchez,Marchena,Sevilla,-5.421418485852692,37.333169643000744
Vélez Blanco,Vélez-Blanco,Almería,-2.0950186436474385,37.694491015907545
Trajano,Trajano,Sevilla,-5.907022109749493,37.06834381648233
Villamartín,Villamartín,Cádiz,-5.647087788690899,36.85899164632713
Palomares,Palomares,Almería,-1.7996706577756507,37.248796383253875
Cañada Rosal,Cañada Rosal,Sevilla,-5.209602451229261,37.59718867925635
Trujala,El Batán,Jaén,-2.6653048559835613,38.28578244097794
Fiñana,Fiñana,Almería,-2.8396685356206994,37.1685803583582
La Ina,La Ina,Cádiz,-6.030626378842349,36.63583381147656
Los Villares,Los Villares,Granada,-3.332220330262232,37.3487348821056
Guadalema de los Quinteros,Guadalema de los Quintero,Sevilla,-5.832757044465407,37.05642996152319
Los Romeros,Los Romeros,Huelva,-6.7503468794696255,37.89376002060563
Trebujena,Trebujena,Cádiz,-6.1743732348265725,36.86786746608059
Cortijos Marín,Cortijos de Marín,Almería,-2.647907486903828,36.757568165702416
Guadiaro,Guadiaro,Cádiz,-5.304203211000018,36.29880970444952
Pinos Puente,Pinos Puente,Granada,-3.74938639714648,37.24989691134669
Linares de la Sierra,Linares de la Sierra,Huelva,-6.622277125019755,37.88008617799691
Chiclana de Segura,Chiclana de Segura,Jaén,-3.0424249517047937,38.3120879604696
Juviles,Juviles,Granada,-3.2255793673221476,36.94818989566629
La Palma del Condado,La Palma del Condado,Huelva,-6.550581083282985,37.390251730853784
Arroyo de la Miel-Benalmádena,Arroyo de la Miel-Benalmadena Costa,Málaga,-4.536304126748928,36.599559385339994
Almería Centro,Almería,Almería,-2.4610143419616954,36.84076067210088
El Borge,El Borge,Málaga,-4.235381795130571,36.81544554713386
Torres de Albánchez,Torres de Albánchez,Jaén,-2.6803091371188428,38.41457786114125
Ronda-Sur Santa Bárbara,Ronda,Málaga,-5.1599444612458605,36.74348754543588
Pilas,Pilas,Sevilla,-6.305438666607838,37.302964138424706
Iznájar,Iznájar,Córdoba,-4.308883354200904,37.25672162937923
Valsequillo,Valsequillo,Córdoba,-5.35202420802113,38.40432978183044
Castilleja del Campo,Castilleja del Campo,Sevilla,-6.336594257836154,37.38818867633475
El Patrás,Patrás,Huelva,-6.70362291326679,37.80247994893785
Júzcar,Júzcar,Málaga,-5.170790620341736,36.62511191134618
Fuensanta,Córdoba,Córdoba,-4.758877737216769,37.88509463378356
Matagorda-Guardias Viejas,Matagorda,Almería,-2.8388128977415144,36.72292654590213
Sotogordo,Sotogordo,Jaén,-3.598106604106811,37.95226727963014
Santa Ana (Dos Hermanas C),Dos Hermanas,Sevilla,-5.923229757902267,37.28231721710361
Villargordo,Villargordo,Jaén,-3.727235276018518,37.94079735622269
Algarinejo,Algarinejo,Granada,-4.15576451100513,37.32617033314234
La Laguna,Cádiz,Cádiz,-6.274327505581415,36.505042114006955
Huélago,Huélago,Granada,-3.262184049658704,37.42012283077991
Zújar,Zújar,Granada,-2.841813873458224,37.54179399873257
Benahavís,Benahavís,Málaga,-5.045726663683052,36.52266899820756
Vélez-Málaga Norte,Vélez-Málaga,Málaga,-4.106114209241197,36.78382274870902
Charches,Charches,Granada,-2.9540956567284296,37.29409696979033
Montalbán de Córdoba (Dª Natividad Cabrera Sillero),Montalbán de Córdoba,Córdoba,-4.749836660985223,37.5800584144681
Líjar,Líjar,Almería,-2.2168448250149035,37.29479441868909
Los Rosales,Los Rosales,Sevilla,-5.732523794870066,37.59001351184205
Lucainena de las Torres,Lucainena de las Torres,Almería,-2.201325853525787,37.041609046562606
Federico Castillo,Jaén,Jaén,-3.798950466024837,37.77694503977505
Calicasas,Calicasas,Granada,-3.6184417529218975,37.27335829314733
Albuñol,Albuñol,Granada,-3.208277675509983,36.79208165294387
Busquístar,Busquístar,Granada,-3.2936069178798575,36.93760251712296
Huércal-Overa,Huércal-Overa,Almería,-1.9430184670817265,37.3901271262829
Villanueva del Rey,Villanueva del Rey,Córdoba,-5.1525128764754795,38.19896983459939
Chauchina,Chauchina,Granada,-3.772275145430932,37.201369207941774
Los Pánchez,Los Pánchez,Córdoba,-5.329256122108624,38.19125708618971
Órgiva D. Baldomero Villanueva,Órgiva,Granada,-3.421976390136594,36.90415517982129
Morón San Francisco,Morón de la Frontera,Sevilla,-5.455587346464531,37.11770273258657
Notáez,Notáez,Granada,-3.276919513117458,36.91536747945518
La Cañada del Real Tesoro,Cañada del Real Tesoro,Málaga,-5.332194198425875,36.598086615728235
Lora del Rio Virgen de Setefilla,Lora del Río,Sevilla,-5.52281034399001,37.65384404996691
Marchena,Marchena,Jaén,-2.4978139538562916,38.188870502696105
Limonar,Málaga,Málaga,-4.399166353475191,36.72750212188837
Los Villares,Los Villares,Jaén,-3.818173922728167,37.69043496405658
Los Palacios Ntra. Sra. de las Nieves,Los Palacios y Villafranca,Sevilla,-5.927210695509977,37.155832089467054
La Luisiana,La Luisiana,Sevilla,-5.245961768408091,37.52684141342619
El Villar,El Villar,Córdoba,-5.060118630704271,37.63623868152781
Jun,Jun,Granada,-3.594484490388341,37.22157411396656
La Juliana,Algeciras,Cádiz,-5.448656300875527,36.11320170696021
Escúzar,Escúzar,Granada,-3.761352101310317,37.06173861214106
Alboloduy,Alboloduy,Almería,-2.6207044947600573,37.032983350657695
Cerro del Hierro,Cerro del Hierro,Sevilla,-5.621713905834701,37.958488585719124
Alcudia de Monteagud,Alcudia de Monteagud,Almería,-2.266142490529359,37.23507860071606
Guillena Dr. Correa Charro,Guillena,Sevilla,-6.0552155464136765,37.54124778137715
Escúllar,Escúllar,Almería,-2.7342572922836554,37.17619932769334
Carchelejo,Carchelejo,Jaén,-3.6388798641466593,37.6367337820346
Hornos de Peal,Hornos,Jaén,-3.1879442213675357,37.886894025161226
Montealegre,Jerez de la Frontera,Cádiz,-6.112579022526911,36.67382152382152
La Mojonera,La Mojonera,Almería,-2.686772118684218,36.752277684070414
La Plata,Sevilla,Sevilla,-5.945581176183298,37.37263715098708
Huétor-Tájar,Huétor Tájar,Granada,-4.049995847074887,37.19566789917206
Villaviciosa de Córdoba,Villaviciosa de Córdoba,Córdoba,-5.012945322109035,38.07425493960385
Zufre,Zufre,Huelva,-6.340050917735839,37.833401718849174
Chite,Chite,Granada,-3.55517532264892,36.93954309952435
El Solanillo,El Solanillo,Almería,-2.656996765122198,36.734671630625286
Navas del Selpillar,Navas del Selpillar,Córdoba,-4.590554412536387,37.42067136055778
Rambla Honda,Cortijo las Palmeras,Almería,-2.071883292781891,37.24172487212133
Tomares,Tomares,Sevilla,-6.046515607957842,37.371908178459016
Nicolás Salmerón,Almería,Almería,-2.4680005255181157,36.837185753440096
Albaricoques,Albaricoques,Almería,-2.1216595206656184,36.85071182481731
Colomera,Colomera,Granada,-3.712749957531447,37.36890354089496
Cuesta de la Palma,La Palma,Granada,-4.277586523285153,37.13779237757029
Isla Canela (Abre en verano),Playa Isla de Canela,Huelva,-7.375951771577767,37.172812234765615
Guadalimar,Guadalimar,Jaén,-3.61202599989335,38.020681000486256
El Hijate,El Hijate,Almería,-2.5931449899042134,37.396147940141816
Los Llanos de Don Antonio,El Llano de Don Antonio,Almería,-1.9348303818109795,37.00122553101865
Bonares,Bonares,Huelva,-6.678490022168676,37.32641576979309
Espiel,Espiel,Córdoba,-5.0234110538588075,38.187189353040544
El Saucejo,El Saucejo,Sevilla,-5.1014308222035725,37.06663450643636
Herrera,Herrera,Sevilla,-4.847107628585649,37.36151507611148
Miraelrío,Miraelrío,Jaén,-3.5312511229807377,38.095493268301716
La Cañada,La Cañada de San Urbano,Almería,-2.4094700000732425,36.83960000135446
Nieles,Nieles,Granada,-3.2304200000864527,36.93340000098051
Casanueva,Casanueva,Granada,-3.787283101742119,37.254811171056744
Cajiz,Cajiz,Málaga,-4.185350194884661,36.75926426559931
Abrucena,Abrucena,Almería,-2.7935483098297826,37.13435020180911
Fuerte del Rey,Fuerte del Rey,Jaén,-3.882143724822853,37.87340599434053
Castilléjar,Castilléjar,Granada,-2.642734203211921,37.71373405399521
Cartaojal,Cartaojal,Málaga,-4.511759522918258,37.1098611622662
Fontanar,Fontanar,Jaén,-2.9720994368573526,37.6717216214493
Santa Olalla de Cala,Santa Olalla del Cala,Huelva,-6.22854639023767,37.90784870040841
Beas de Segura Virgen de la Paz,Beas de Segura,Jaén,-2.8907924184643883,38.25137091365983
Deifontes,Deifontes,Granada,-3.5942146306533345,37.3260561663209
Turre,Turre,Almería,-1.8933684668022273,37.15270122388092
Talará (Lecrín),Talará,Granada,-3.552481838239984,36.948384971827686
Cabo de Gata,Cabo de Gata,Almería,-2.2429120000122746,36.78171299986271
Mojácar Pueblo,Mojácar,Almería,-1.8527154217420607,37.13962640519824
Olivares,Olivares,Sevilla,-6.159873700261328,37.41519278661136
Cerro Muriano,Cerro Muriano,Córdoba,-4.768348246273793,37.999036406139204
Atochares,Atochares,Almería,-2.1588057655468744,36.87985892414149
Villanueva de Córdoba,Villanueva de Córdoba,Córdoba,-4.628204551555984,38.323603859366806
Alhama de Granada,Alhama de Granada,Granada,-3.9901888515301653,37.004586391896474
Villarrasa,Villarrasa,Huelva,-6.6037971710212195,37.38726032430687
Los Montecillos,Dos Hermanas,Sevilla,-5.917048682752411,37.275166136396
San Roque,San Roque,Cádiz,-5.382552520012496,36.21321990958703
Rinconcillo,Algeciras,Cádiz,-5.447848036640774,36.159323134215676
Encinas Reales,Encinas Reales,Córdoba,-4.487641013648999,37.273112370225654
Coria Virgen de la Estrella,Coria del Río,Sevilla,-6.049368078648896,37.284610961431895
Pino Montano B,Sevilla,Sevilla,-5.968744351097709,37.41949318556586
Almuñécar,Almuñécar,Granada,-3.684390942329818,36.73343394039811
Cuartillos,Cuartillos,Cádiz,-6.018907499555136,36.67657687903884
Encinarejo,Encinarejo de Córdoba,Córdoba,-4.928197937344221,37.83205564726508
Nueva Carteya,Nueva Carteya,Córdoba,-4.468241830547644,37.583341559444
Setenil,Setenil,Cádiz,-5.176701951977938,36.86120261117565
Benadalid,Benadalid,Málaga,-5.269757270438992,36.60643161528745
Ardales,Ardales,Málaga,-4.846715989165429,36.88161423437702
San Roque Sur,San Roque,Cádiz,-5.394098167190386,36.209356207904264
Soportújar,Soportújar,Granada,-3.403499290232215,36.92790825072821
Villanueva del Arzobispo,Villanueva del Arzobispo,Jaén,-3.0084435345231353,38.1659317236435
Pozo de la Higuera,Pozo de la Higuera,Almería,-1.736881963001465,37.4416667144503
El Alquián,El Alquián,Almería,-2.3519998104928366,36.85124732088028
Bobadilla Pueblo,Bobadilla,Málaga,-4.6966978449791466,37.042630597544274
Barrio Jarana,Barrio de Jarana,Cádiz,-6.143207984932681,36.501636803355765
Lucena,Lucena,Córdoba,-4.4930942398482925,37.407059513334474
Quintería,La Quintería,Jaén,-3.950153670544988,38.01616259572447
Antequera,Antequera,Málaga,-4.564267119662655,37.0219298726426
Linares C San José,Linares,Jaén,-3.6282466980950443,38.09767589390359
Barriada de Andalucía (Guadix),Guadix,Granada,-3.1447299300684786,37.29821341681798
Atalaya,La Atalaya,Málaga,-5.083715436435534,36.93970394980119
Gines Dr. Juan Antonio González Caraballo,Gines,Sevilla,-6.0813939743670575,37.3848876131428
Realejo,Granada,Granada,-3.591226764814841,37.173279847122096
San Pablo de Buceite,San Pablo de Buceite,Cádiz,-5.412548426528985,36.46733924273921
Guazamara,Guazamara,Almería,-1.7824299386173392,37.347852860345256
Priego de Córdoba,Priego de Córdoba,Córdoba,-4.201134279754097,37.43932831539204
Barrio Archilla-Cañada Sebastiana,Barrio de Archilla,Almería,-2.613398957928286,36.79492144098929
Viator,Viator,Almería,-2.4276282700318896,36.8895489401748
Estación Salinas,Estación de Salinas,Málaga,-4.303919358180841,37.124768575461104
El Porvenir de la Industria,Porvenir de la Industria,Córdoba,-5.331677357558852,38.31589272928403
La Línea Poniente,La Línea de la Concepción,Cádiz,-5.356934346506646,36.166156302826444
Jubrique,Jubrique,Málaga,-5.215603110601778,36.56435135478376
Palenciana,Palenciana,Córdoba,-4.584241011130678,37.248373542692754
La Serrana,Jerez de la Frontera,Cádiz,-6.149680970808826,36.69354729637002
Valencina de la Concepción Practicante José Salas,Valencina de la Concepción,Sevilla,-6.0774837591885875,37.416969711969976
El Rompido,El Rompido,Huelva,-7.12639079981083,37.21854697163471
Benitagla,Benitagla,Almería,-2.238795479871608,37.23103578699553
El Viso,El Viso,Almería,-2.2050964748407713,36.88022654566309
Turón,Turón,Granada,-3.058770999478242,36.86473799971362
Sorvilán,Sorvilán,Granada,-3.2646631753271036,36.79419180400268
Iznate,Iznate,Málaga,-4.184051997724619,36.775663505671794
Luque,Luque,Córdoba,-4.276583169011679,37.55922496862708
Sedella,Sedella,Málaga,-4.035076102795996,36.86298873804734
Los Morenos,Los Morenos,Córdoba,-5.357610871137334,38.14616421205507
Castril,Castril,Granada,-2.7801618691436003,37.79701547100383
El Priorato,El Priorato,Sevilla,-5.441305982660106,37.68978881170888
Agrupación de Mogón,Agrupación de Mogón,Jaén,-3.0723821825219724,38.0532495717804
Cancelada,Cancelada,Málaga,-5.0525501828098855,36.46158082262224
Huesa,Huesa,Jaén,-3.076589457015953,37.76389675229576
Melegis (El Valle),Melegís,Granada,-3.5711236439844787,36.93534622292006
San Enrique Guadiaro,San Enrique,Cádiz,-5.2919196536311,36.303277282571145
Delicias Jerez,Jerez de la Frontera,Cádiz,-6.114991247333131,36.684076774115994
Valdelagrana,Valdelagrana,Cádiz,-6.220786059248454,36.573042831617734
Sierro,Sierro,Almería,-2.3996207074365596,37.32060750748807
Mairena,Mairena,Granada,-3.043131820250911,37.003174180062445
Los Bermejales,Sevilla,Sevilla,-5.972214780208234,37.34549151977675
Gilena,Gilena,Sevilla,-4.913790450714974,37.2529752267282
Lucena II,Lucena,Córdoba,-4.475525397404864,37.41170113974034
Cañada Morales,Cañada Morales,Jaén,-2.756657039984616,38.211512218478845
Frigiliana,Frigiliana,Málaga,-3.894451855324761,36.78806149009649
Torredonjimeno,Torredonjimeno,Jaén,-3.954469243422048,37.76050476100866
Tíjola,Tíjola,Almería,-2.4388929996822597,37.34610200054262
Tharsis,Tharsis,Huelva,-7.122118956516034,37.60522202833732
Porche,El Porche,Jaén,-2.676107295160927,38.28818671225325
Baeza,Baeza,Jaén,-3.459893999515351,37.99591700014654
Villanueva de San Juan,Villanueva de San Juan,Sevilla,-5.173921857952339,37.05049584644303
Jimena de la Frontera,Jimena de la Frontera,Cádiz,-5.446203233890384,36.4312629281778
San Pedro de Alcántara,San Pedro Alcántara,Málaga,-4.996099066078124,36.486175532629666
Valderrubio,Valderrubio,Granada,-3.8193199989248594,37.23308544685459
Gójar,Gójar,Granada,-3.6060099706258923,37.105285847867364
Poblado Doña Blanca,Doña Blanca-Poblado,Cádiz,-6.166036549233425,36.61614193669423
Nechite,Nechite,Granada,-3.0714893354822648,37.00295269654112
Matalascañas,Torre de la Higuera o Matalascañas,Huelva,-6.564174848026442,37.007687077738574
Guaro,Guaro,Málaga,-4.8353691965051055,36.65752981572061
Villanueva de Tapia,Villanueva de Tapia,Málaga,-4.3354364972293356,37.18173821557434
Alcubillas,Las Alcubillas,Almería,-2.5818165597779363,37.09098978256854
El Palmar de Troya,El Palmar de Troya,Sevilla,-5.804712531852929,37.06239440047312
Ambroz,Ambroz,Granada,-3.661902679889538,37.165033685289146
Somontín,Somontín,Almería,-2.388449207646922,37.39143153624861
Alhaurín de la Torre. Don José Molina Díaz,Alhaurín de la Torre,Málaga,-4.559380629109826,36.66178038241209
Casabermeja,Casabermeja,Málaga,-4.429799363400199,36.893607098608015
La Granjuela,La Granjuela,Córdoba,-5.350747781685895,38.3712774303655
Las Albarizas,Marbella,Málaga,-4.87355462862312,36.511322376872066
Olivares,Olivares,Granada,-3.76674258177755,37.33059618139227
Castro Filabres,Castro de Filabres,Almería,-2.4404840001154198,37.18383899958873
Fuentevaqueros,Fuente Vaqueros,Granada,-3.78309204473624,37.22029352312838
Benamaurel,Benamaurel,Granada,-2.6976875685391097,37.60693962550609
Paterna del Rio,Paterna del Río,Almería,-2.9524831204876643,37.021494693506
Yegen,Yegen,Granada,-3.118797866094773,36.98138003684091
Ribera Alta,Ribera Alta,Jaén,-3.837550684200021,37.464632458120896
Cazalilla,Cazalilla,Jaén,-3.881464000160364,37.98493199958223
Antas,Antas,Almería,-1.9196746392342745,37.243688232115474
Chucena,Chucena,Huelva,-6.394144877430966,37.36180450600519
El Palo,Málaga,Málaga,-4.353956823952607,36.718257660385554
El Rancho,Morón de la Frontera,Sevilla,-5.445503124532022,37.12590541676583
Benajarafe,Benajarafe,Málaga,-4.197307151919747,36.71659406583973
Zagrilla,Zagrilla Alta,Córdoba,-4.242809999488176,37.48690000060676
Ventorros de San José,Ventorros de San José,Granada,-4.150975454310197,37.24779946844683
Istán,Istán,Málaga,-4.948689093076972,36.58342302124563
Los Pacos,Fuengirola,Málaga,-4.614284813797279,36.561495448904864
Cabezas Rubias,Cabezas Rubias,Huelva,-7.08862292116569,37.72626164447071
Santa Eufemia,Santa Eufemia,Córdoba,-4.902390097447073,38.59562859790771
Conchar (Villamena),Cónchar,Granada,-3.5894367659422164,36.966965788236735
Bentarique,Bentarique,Almería,-2.618712522657062,36.98632211018904
Posadilla,Posadilla,Córdoba,-5.277934383890169,38.19016097070516
Olula de Castro,Olula de Castro,Almería,-2.47650958625768,37.17537410977984
Lopera,Lopera,Granada,-3.2405362241464473,37.321478148480594
Estepona,Estepona,Málaga,-5.154010611586593,36.426299642310624
Los Llanos de Don Juan,Llanos de Don Juan,Córdoba,-4.414424776669784,37.406339876744774
Laroles,Laroles,Granada,-3.014580148127804,37.00826000015464
El Pozuelo,El Pozuelo,Huelva,-6.677180498959915,37.61238243759851
El Repilado,El Repilado,Huelva,-6.771546057075464,37.92783141221624
Barbate,Barbate,Cádiz,-5.923307892368283,36.18813465331978
Canena,Canena,Jaén,-3.4831626995188225,38.04801229973647
Pechina,Pechina,Almería,-2.4407067924507237,36.91554046096258
Retamar,Retamar,Almería,-2.314023462248226,36.850686844019656
El Donadio,Donadío,Jaén,-3.3650908644190607,37.92686584000466
La Calahorra,La Calahorra,Granada,-3.0621431470589915,37.17975057270314
Tímar,Tímar,Granada,-3.2108982635140992,36.94428908427318
Carataunas,Carataunas,Granada,-3.4099200002688392,36.92240000126903
Alfarnate,Alfarnate,Málaga,-4.2586810280178,36.99202412884816
Gerena,Gerena,Sevilla,-6.151462850849843,37.529873716575125
Los Molinos,Almería,Almería,-2.4377162083856496,36.844821126842454
Pinos del Valle (El Pinar),Pinos del Valle,Granada,-3.5536725319150593,36.91281191109521
La Carihuela,Torremolinos,Málaga,-4.510793432883131,36.60466935822126
Bola de Oro,Granada,Granada,-3.58570214065349,37.1605599310521
Villamanrique de la Condesa,Villamanrique de la Condesa,Sevilla,-6.307559400845764,37.24432759676413
La Huelga,La Huelga,Almería,-2.014039857308423,37.11425830729122
Almócita,Almócita,Almería,-2.790209658797028,37.001893506566006
Cerro del Águila,Sevilla,Sevilla,-5.952987654183529,37.36745450485546
Parque Nueva Granada,Granada,Granada,-3.595383782858511,37.2040876442223
La Fábrica,La Fábrica,Granada,-4.069953865118901,37.21509354922691
Puerto Santa María-Norte Pinillo Chico,El Puerto de Santa María,Cádiz,-6.216874192836506,36.61046583337054
El Burgo,El Burgo,Málaga,-4.95305704889256,36.792142837825736
Pozoblanco Pediatra Carmen Domínguez,Pozoblanco,Córdoba,-4.847806640477889,38.38485673859259
Benizalón,Benizalón,Almería,-2.2430442496668173,37.21178379416592
Aldeire,Aldeire,Granada,-3.073268259710212,37.161425981795475
Puente Mayorga,Puente Mayorga,Cádiz,-5.385663919391353,36.18187757363222
Las Viñas,Viñas de Abajo,Granada,-3.011640000310305,37.40650000098625
Escañuela,Escañuela,Jaén,-4.035159972861549,37.87922284511475
Almanjáyar,Granada,Granada,-3.6091281763946044,37.208275392335786
Guájar Alto,Guájar Alto,Granada,-3.623623892387687,36.85222014080179
Bollullos Par del Condado D. Luis Taracido,Bollullos Par del Condado,Huelva,-6.534357009620239,37.33886475073126
Salares,Salares,Málaga,-4.0242791741131425,36.85411553441629
San Agustín,San Agustín,Almería,-2.6931350768327182,36.71256153843579
Arquillos,Arquillos,Jaén,-3.426639000094726,38.17971199963827
Constantina,Constantina,Sevilla,-5.619229928824931,37.86227600557595
El Portil,La Laguna del Portil,Huelva,-7.053007596282936,37.215148556243975
Otívar,Otívar,Granada,-3.679422646735024,36.81401598056015
Bobadilla-Estación,Bobadilla-Estación,Málaga,-4.726863986747247,37.03547912088303
Alcalá la Real,Alcalá la Real,Jaén,-3.9185207578231243,37.45734695497077
Argallón,Argallón,Córdoba,-5.481462826162252,38.2010678980417
Fuente Palmera Dr. Bernabé Galán Sánchez,Fuente Palmera,Córdoba,-5.105994102166401,37.705614772718555
Alhama de Almería,Alhama de Almería,Almería,-2.568290875768858,36.95811225899639
Los Villares de Andújar,Los Villares,Jaén,-3.9856315079210174,38.02563690411604
Aljariz,Aljariz,Almería,-1.9352625692772105,37.25048543489711
El Trobal,El Trobal,Sevilla,-5.950986296965043,37.10831044138759
Los Naveros,Los Naveros,Cádiz,-5.978652325376376,36.3578696978512
Corrales,Corrales,Huelva,-6.9917316018374125,37.27290259146743
Aroche,Aroche,Huelva,-6.956079006940125,37.94167945843258
La Huertezuela,La Huertezuela,Granada,-2.8976650420533847,37.18962262829941
Gobernador,Gobernador,Granada,-3.3204340000308132,37.47729799975108
Bacares,Bacares,Almería,-2.4536499165104426,37.26144942947878
Cuenca,Cuenca,Jaén,-2.9701538881332956,37.736021836709185
La Joya-Nogales,La Joya,Málaga,-4.624743434199488,36.93072188962325
La Teja,La Teja,Granada,-2.810963876832766,37.674495283109536
Puche,Almería,Almería,-2.433468086316361,36.84843995931782
Cruz de Humilladero,Málaga,Málaga,-4.441603719387087,36.70862327365766
El Pilar,El Pilar,Almería,-2.0995617101751303,37.19054489865479
Ruescas,Ruescas,Almería,-2.2250355357467924,36.81642768873955
El Ojuelo,El Ojuelo,Jaén,-2.6999429276309,38.25775505307233
El Viso del Alcor,El Viso del Alcor,Sevilla,-5.725223004315172,37.38398577404315
Benaque,Benaque,Málaga,-4.216229173130878,36.76940127838228
Mentidero,Cádiz,Cádiz,-6.298138599249608,36.53315718959699
Tahal,Tahal,Almería,-2.2857548019547584,37.227178012653496
Barriada de los Ángeles,Barriada del Ángel,Córdoba,-4.654952000818728,37.927197999970396
Jamilena,Jamilena,Jaén,-3.9159735095117267,37.74556079545913
El Esparragal,El Esparragal,Córdoba,-4.216039169752417,37.5006957243605
Ubrique,Ubrique,Cádiz,-5.446951068810066,36.675423664449596
Serón,Serón,Almería,-2.5066893838897677,37.34465201502238
Isla Cristina,Isla Cristina,Huelva,-7.323331852097421,37.19655498250254
Valdelarco,Valdelarco,Huelva,-6.683606436257361,37.950492952488844
Coín,Coín,Málaga,-4.763099468502399,36.66323725085079
Guevéjar,Güevéjar,Granada,-3.5967474233884604,37.2585008582517
El Pozuelo,El Pozuelo,Granada,-3.1534159314454606,36.748746658711944
Cúllar,Cúllar,Granada,-2.575745334248999,37.584136509473275
La Paz,Cádiz,Cádiz,-6.274610591420877,36.51565872932233
Alcalá la Real Norte,Alcalá la Real,Jaén,-3.9238013602916286,37.46439635124816
Venta Quemada,Venta Quemada,Granada,-2.460973922456935,37.582164281076
Pedroche,Pedroche,Córdoba,-4.764054910033312,38.42930130284821
Beas de Granada,Beas de Granada,Granada,-3.4812390286722477,37.21884569021064
Onsares,Onsares,Jaén,-2.6034665236770858,38.458871629136404
La Muela,La Muela,Cádiz,-5.41170107120876,36.93047682686231
Cela,Balsa de Cela,Almería,-2.4483817532511396,37.37357486427578
Espelúy,Espeluy,Jaén,-3.8628695521952308,38.03214119067137
Varadero-Santa Adela,El Varadero,Granada,-3.520740618085159,36.7226869976109
La Fuensanta,Pol. Ind. San Rafael,Almería,-2.441860000396567,36.86610000066866
Badolatosa,Badolatosa,Sevilla,-4.672405286866905,37.306013002558146
El Mármol,El Mármol,Jaén,-3.433762101296194,38.06027887404692
Utrera-Sur,Utrera,Sevilla,-5.778867366655586,37.180542497610276
Carrión de los Céspedes D. Manuel Moreno Peralta,Carrión de los Céspedes,Sevilla,-6.330108563942814,37.367562571811675
Las Palmeritas,Sevilla,Sevilla,-5.968053091121772,37.37798373929602
Roquetas Sur,Roquetas de Mar,Almería,-2.6099534478304425,36.76233823219964
Navalcuervo,Navalcuervo,Córdoba,-5.3051634889803125,38.21054033430568
Villalba del Alcor,Villalba del Alcor,Huelva,-6.473436845240253,37.39672801198319
Marqués de Paradas,Sevilla,Sevilla,-6.001559574047925,37.39067995871087
Úbeda,Úbeda,Jaén,-3.374504340647526,38.013599528880796
Cruz de Caravaca,Almería,Almería,-2.4560097370798664,36.85154672061902
Niebla,Niebla,Huelva,-6.6780163097281235,37.360500549122825
La Corte de Santa Ana,La Corte,Huelva,-6.736227917533442,37.8592568419804
Cájar,Cájar,Granada,-3.5716178271311594,37.134428057117475
Capuchinos,Málaga,Málaga,-4.424730294608738,36.73063142667031
La Barca,La Barca de la Florida,Cádiz,-5.933181372510421,36.65070256579525
Villanueva Mesía,Villanueva Mesía,Granada,-4.012797175451936,37.214788973513464
El Gordillo,El Gordillo I,Sevilla,-5.9384997255613,37.44735097432939
Alcaudete,Alcaudete,Jaén,-4.0807513756288465,37.586867023555705
Caleta de Vélez,Caleta de Vélez,Málaga,-4.066041738018862,36.74917966043043
Arbuniel,Arbuniel,Jaén,-3.5396276404537206,37.62663812868206
Fátima,Fátima,Granada,-2.732824594001564,37.81933111182201
Izbor (El Pinar),Ízbor,Granada,-3.527040584993985,36.89475149432518
Béznar,Béznar,Granada,-3.5408398874800806,36.92723904198448
Marmolejo,Marmolejo,Jaén,-4.172278000222734,38.0424370001618
Villanueva del Duque,Villanueva del Duque,Córdoba,-4.998475604909987,38.39497046691743
Romilla la Nueva,Romilla la Nueva,Granada,-3.8045224570645586,37.164140083967105
Encinasola,Encinasola,Huelva,-6.871142581160804,38.13458988620143
Los Carvajales,Los Carvajales,Málaga,-4.6957638405416295,37.173592640038926
Lepe,Lepe,Huelva,-7.2048487956551615,37.24658930927697
Las Marinas,Las Marinas,Almería,-2.6303899998155713,36.73260000119741
San Isidro,San Isidro del Guadalete,Cádiz,-5.987187579450128,36.64388189389422
El Cerro del Andévalo,El Cerro de Andévalo,Huelva,-6.940134438460686,37.73573126844472
Dalías,Dalías,Almería,-2.870882743141186,36.82094056235154
Rágol,Rágol,Almería,-2.6829863891050443,36.99542131382942
La Orden,Huelva,Huelva,-6.937061032504669,37.27974322355542
Rubite,Rubite,Granada,-3.3483907909574437,36.80956219507958
La Victoria,La Victoria,Córdoba,-4.8526979626428455,37.68401344087044
El Cobre,Algeciras,Cádiz,-5.470676444153735,36.11698481270125
Puebla de los Infantes,La Puebla de los Infantes,Sevilla,-5.385766859535346,37.7820989975769
La Zarza,La Zarza,Huelva,-6.856656128561491,37.715098839560305
Porrosillo,El Porrosillo,Jaén,-3.417643398470546,38.22249019108323
Polopos,Polopos,Almería,-2.079692869780784,37.02595551903052
Marigenta,Marigenta,Huelva,-6.582386269128472,37.62296848606843
Fígares,Granada,Granada,-3.603614708847588,37.16866607387227
Fuensanta,Fuensanta,Granada,-3.9036998716344384,37.17989219800511
La Candelaria,Sevilla,Sevilla,-5.956470113713487,37.37935207366396
San Felipe,Jaén,Jaén,-3.7942879672773517,37.760946314618494
El Fargue,Alquería del Fargue,Granada,-3.5638492421992147,37.203546534385815
San Luis,Sevilla,Sevilla,-5.98812144939932,37.39744275008583
Rio San Pedro,Barriada Río San Pedro,Cádiz,-6.224334728248981,36.52281753316642
El Potro,El Carmen,Almería,-2.4414151306390415,36.89383578830776
La Zubia,La Zubia,Granada,-3.5818674589210286,37.11480853373952
Begíjar,Begíjar,Jaén,-3.532655999973813,37.98580499981798
Paradas,Paradas,Sevilla,-5.491678336536597,37.28977712375469
Alora,Álora,Málaga,-4.70456368607486,36.823586013310845
La Granada de Riotinto,La Granada de Río-Tinto,Huelva,-6.510030965352433,37.768251213475594
Ronda-Norte,Ronda,Málaga,-5.159735024914838,36.745303639126504
Lújar,Lújar,Granada,-3.403147284940889,36.78727666655612
Romilla,Romilla,Granada,-3.7945095832125038,37.20125499830111
Manilva,Manilva,Málaga,-5.253583854813091,36.37677888082574
Benamejí Francisco Nieto Lucena,Benamejí,Córdoba,-4.5415346528055,37.27156852313907
Alfaix,Los López,Almería,-1.9669817072921905,37.13917613460662
San Miguel,Torremolinos,Málaga,-4.50416277444303,36.62356131352815
Bubión,Bubión,Granada,-3.355050592508841,36.94907544365202
Los Rosales,Huelva,Huelva,-6.9271197008251715,37.26227114683131
Almensilla,Almensilla,Sevilla,-6.114701517061667,37.30817314542616
Huévar,Huévar del Aljarafe,Sevilla,-6.279297181010097,37.35576907009053
Torreperogil,Torreperogil,Jaén,-3.288395147093703,38.03312227239266
Puente Génave,Puente de Génave,Jaén,-2.8014237804815245,38.35691325027811
Victoria,Málaga,Málaga,-4.415399081494091,36.727792395300305
Los Blázquez,Los Blázquez,Córdoba,-5.437760822559159,38.40684746619207
Adra,Adra,Almería,-3.024770262187325,36.747447781813214
Brenes,Brenes,Sevilla,-5.873677073484017,37.5519703803505
Polígono Norte,Sevilla,Sevilla,-5.975351343800144,37.4100369181862
Lucena del Puerto,Lucena del Puerto,Huelva,-6.731159774826657,37.30397309570299
Las Vertientes,Vertientes,Granada,-2.395490132412664,37.595203006805725
Llanos de Vícar,Llanos de Vícar,Almería,-2.6697192028266272,36.7495869743014
Ochavillo del Rio,Ochavillo del Río,Córdoba,-5.130866508951185,37.75318529885292
Monachil,Monachil,Granada,-3.539347554080737,37.13162969102718
La Cañada de Cañepla,Cañadas de Cañepla,Almería,-2.2844999996581636,37.79700000117135
El Vacar,El Vacar,Córdoba,-4.854251793620142,38.078370755103144
Lugros,Lugros,Granada,-3.2412181007596192,37.229830163033434
Alcosa Mercedes Navarro,Sevilla,Sevilla,-5.928287659394898,37.41288044433218
Dos Torres,Dos Torres,Córdoba,-4.894495461706204,38.445315316168106
Olivillo,Cádiz,Cádiz,-6.305602376752363,36.533208117699864
Puerto de la Torre,Málaga,Málaga,-4.481429790466965,36.73785880890127
Los Olivos,Loreto,Granada,-3.9581995714441507,37.179843022818766
Guadalcázar,Guadalcázar,Córdoba,-4.9450977465496875,37.758574924789286
Fuentes de Cesna,Fuentes de Cesna,Granada,-4.229152041102334,37.27077774999186
Lentejí,Lentegí,Granada,-3.674516559881132,36.834350079318305
Llanos de la Cañada,El Boticario,Almería,-2.389164590765225,36.86071353461807
Veracruz,Veracruz,Jaén,-3.1474950003157227,38.027129189157876
El Ejido Sur,El Ejido,Almería,-2.8133725969832573,36.76900235702195
La Iruela,La Iruela,Jaén,-2.9939079997594105,37.92061499997244
Torredelcampo,Torredelcampo,Jaén,-3.898610826604924,37.77047720382542
Gafarillos,Gafarillos,Almería,-2.0218464437543284,37.0571239750729
La Magdalena,Jaén,Jaén,-3.7974728289142643,37.77200034500289
Gualchos,Gualchos,Granada,-3.3897417937752117,36.743511381125096
Torrecuevas,Torrecuevas,Granada,-3.6899650001920627,36.759703320074735
Fornes,Fornes,Granada,-3.8551923420945626,36.95395146240778
Domingo Pérez,Domingo Pérez de Granada,Granada,-3.507854924966896,37.49690459768933
Riofrío,Entorno de Riofrío,Granada,-4.2045069405999795,37.1503276667651
Arroyo del Ojanco,Arroyo del Ojanco,Jaén,-2.899177138838764,38.32009922965591
Torrecera,Torrecera,Cádiz,-5.943861921070126,36.60788712723809
Ojuelos Bajos,Ojuelos Bajos,Córdoba,-5.381262551901253,38.19915402487802
Albaycín,Granada,Granada,-3.5932821974485027,37.18128119492561
Camporredondo,Camporredondo,Jaén,-3.004456751953907,38.275357053399304
Orcera,Orcera,Jaén,-2.662069996782491,38.317358043105
Porcuna,Porcuna,Jaén,-4.185677349729368,37.86985225038233
Ayamonte,Ayamonte,Huelva,-7.404203892511808,37.21082038035343
La Bobadilla,Bobadilla,Jaén,-4.105629954277866,37.66023306375238
Llano de los Olleres,Ramblicas,Almería,-2.1660156952316307,37.42667516585967
Virgen de la Cabeza,Andújar,Jaén,-4.057034999639216,38.03896799997673
Uleila del Campo,Uleila del Campo,Almería,-2.206052904879368,37.18582151827639
Martín de la Jara,Martín de la Jara,Sevilla,-4.964274237697467,37.107777967900766
Aljaraque,Aljaraque,Huelva,-7.01938186482974,37.26900202024859
Guadalén,Guadalén,Jaén,-3.508435312009421,38.14297806743354
Íllora,Íllora,Granada,-3.8742828381545524,37.28803832176992
San Jerónimo,Sevilla,Sevilla,-5.980415271677709,37.431275023341556
Ocaña,Ocaña,Almería,-2.7260197874746024,37.13157200869091
Igualeja,Igualeja,Málaga,-5.119571806785585,36.63171687723495
Capileira,Capileira,Granada,-3.3585799998849843,36.96150000046514
Valdecazorla,Valdecazorla,Jaén,-3.15772415621957,37.97147517616586
Arahal,Arahal,Sevilla,-5.5384300914205165,37.26585226314783
Algar,Algar,Cádiz,-5.657173818489059,36.6576143092231
Comares,Comares,Málaga,-4.249159783860699,36.84902091112144
Higuera de Calatrava,Higuera de Calatrava,Jaén,-4.158692000388226,37.79892100017494
El Garrobo,El Garrobo,Sevilla,-6.172482356531999,37.62545915465358
Algeciras-Sur Saladillo,Algeciras,Cádiz,-5.4490149162875765,36.12173490172595
Nívar,Nívar,Granada,-3.57612571579292,37.258152210098615
Cherín,Cherín,Granada,-3.0134068978710555,36.96692102666525
Pinos del Genil,Pinos Genil,Granada,-3.499327045897016,37.16382886665135
Lúcar,Lúcar,Almería,-2.424094490796351,37.39967702040868
El Torno,El Torno,Cádiz,-5.968653523395052,36.6189065338544
Fuente Victoria,Fuente Victoria,Almería,-2.8756829072022256,36.985544514034146
La Campana,La Campana,Sevilla,-5.428242460686424,37.56794362075141
Los Mochos,Los Mochos,Córdoba,-4.961666000566521,37.82938900076999
Pino Montano A,Sevilla,Sevilla,-5.964321995991521,37.42026614213271
El Jau,El Jau,Granada,-3.741037810803711,37.195652451878956
Santiago-Pontones,Santiago de la Espada,Jaén,-2.5503094400546265,38.11226666810396
La Dehesa,La Dehesa,Huelva,-6.582864210993883,37.71488813250098
Villacarrillo,Villacarrillo,Jaén,-3.081925395582176,38.1179636399377
Albuñuelas,Albuñuelas,Granada,-3.627936092212296,36.928898661048166
Las Infantas,Las Infantas,Jaén,-3.7848486406272945,37.915462026485585
Torvizcón,Torvizcón,Granada,-3.2987032448174154,36.87777752384685
Consultorio auxiliar - La Fernandina,La Fernandina,Jaén,-3.5916510002447066,38.22163000051511
San Juan Azn. Ntra Sra de la Paz,San Juan de Aznalfarache,Sevilla,-6.033140977061345,37.359361402165106
Conquista,Conquista,Córdoba,-4.500604623998176,38.407336705740605
Los Cortijillos,Cortijillos,Cádiz,-5.438744596306023,36.18799254668717
Linares D Arrayanes,Linares,Jaén,-3.63605003898689,38.108762968289156
Huétor-Santillán,Huétor de Santillán,Granada,-3.517143691791812,37.216942561566576
Acebuche,Acebuches,Granada,-3.5120677497751034,36.894638078262496
Guadarranque,Carteya-Guadarranque,Cádiz,-5.415320474753792,36.18264057026514
Pozo Alcón,Pozo Alcón,Jaén,-2.9322954625214193,37.70241713533472
Fuente de la Villa,Martos,Jaén,-3.962790310730203,37.7248252806066
Motril-Centro,Motril,Granada,-3.5233691169748824,36.74427038347109
El Viar,El Viar,Sevilla,-5.915319649979391,37.57421600094776
Belerda,Belerda,Jaén,-3.0324385673769965,37.759692857757386
Villarrodrigo,Villarrodrigo,Jaén,-2.635941396751604,38.48624432566131
El Pilar de Jaravia,Pilar de Jaravía,Almería,-1.6926694106667215,37.39170459552658
La Alfoquia,La Alfoquia,Almería,-2.0437958018128928,37.35251979102011
Maribáñez,Maribáñez,Sevilla,-5.893309964456738,37.1339811967863
Villaluenga del Rosario,Villaluenga del Rosario,Cádiz,-5.387219853398965,36.69647409025001
Santa María del Águila,Santa María del Águila,Almería,-2.776647129284626,36.785086069032666
La Malahá,La Malahá,Granada,-3.720559479844,37.100566897026134
Velefique,Entorno de Velefique,Almería,-2.4050599994938953,37.19220000058759
Los Carriones,Barrio Dolosa,Granada,-2.6679520963390466,37.6866539962936
Lebrija Ntra. Sra. del Castillo,Lebrija,Sevilla,-6.080346967829602,36.922369249791146
Benaoján,Benaoján,Málaga,-5.248901593525254,36.72039986576562
Yátor,Yátor,Granada,-3.136186526187174,36.95703733913913
Quesada,Quesada,Jaén,-3.0654666144571467,37.8414939631062
Campanillas,Campanillas,Málaga,-4.538281425935953,36.72300308070015
Zahara de la Sierra,Zahara,Cádiz,-5.391280039082816,36.83902888873218
Santa Fe de Mondújar,Santa Fe de Mondújar,Almería,-2.5323299997490394,36.97300000135702
Coria Blas Infante,Coria del Río,Sevilla,-6.05934288804008,37.28597124566209
Castilleja de Guzmán Dr Jesús Herráiz,Castilleja de Guzmán,Sevilla,-6.0588023812747736,37.408669870968055
Peñarroya,Peñarroya-Pueblonuevo,Córdoba,-5.273623313624323,38.303440992565626
Albaida del Aljarafe,Albaida del Aljarafe,Sevilla,-6.164378106678794,37.424174834798386
Huécija,Huécija,Almería,-2.611100126150921,36.968058200807754
La Hoya del Salobral,Hoya del Salobral,Jaén,-3.768383895854957,37.49361762762155
Carretera de la Sierra,Granada,Granada,-3.583510575009326,37.16570729871345
El Membrillo,Membrillo Alto,Huelva,-6.643763557500728,37.637242177705375
Bolonia,El Lentiscal,Cádiz,-5.762295265536933,36.0828462330151
Cárchel,Cárchel,Jaén,-3.636559932223943,37.65375362368715
Cumbres de San Bartolomé,Cumbres de San Bartolomé,Huelva,-6.739355825164236,38.07794421091686
Armuña de Almanzora,Armuña de Almanzora,Almería,-2.4112883569777255,37.35005291502632
Alanís,Alanís,Sevilla,-5.713742978508311,38.040215141439475
Enix,Enix,Almería,-2.6019008357573035,36.87705081962871
Almayate Alto,Almayate Bajo,Málaga,-4.1296617056988065,36.73044744373836
Santaella,Santaella,Córdoba,-4.844321682009082,37.56356655474708
Baños de la Encina,Baños de la Encina,Jaén,-3.7759811225632505,38.17269049108728
Siles,Siles,Jaén,-2.580664044311257,38.387298795025146
Puerto Rey,Puerto Rey,Almería,-1.8125007306567658,37.20958645241675
Huéneja,Huéneja,Granada,-2.949879840124094,37.17801962524805
Montefrío,Montefrío,Granada,-4.005615810121874,37.325573960628574
Benalmádena (Alcolea),La Capellanía,Málaga,-4.591738966887257,36.58645506196044
Cabañuelas Bajas,Las Cabañuelas,Almería,-2.6308969333833874,36.80159780450457
Puerto de Santa María Sur,El Puerto de Santa María,Cádiz,-6.235429859981036,36.598246755759796
Fuente la Lancha,Fuente la Lancha,Córdoba,-5.046363221560188,38.421954324630676
Villanueva de las Torres,Villanueva de las Torres,Granada,-3.089741454662899,37.556717578933814
Centro de Córdoba,Córdoba,Córdoba,-4.781406999989153,37.891115000285694
Mediterráneo Torrecardenas,Almería,Almería,-2.440869467396696,36.86084330768392
Cartaya,Cartaya,Huelva,-7.148828770194768,37.28328153786524
Purullena,Purullena,Granada,-3.189167217430514,37.31534123455182
Coripe,Coripe,Sevilla,-5.440317560688007,36.97349942608743
Los Boliches,Fuengirola,Málaga,-4.6207568881021,36.55159322357473
Sotiel Coronada,Sotiel Coronada,Huelva,-6.850345879752399,37.601045810292014
Montes de San Benito,Montes de San Benito,Huelva,-7.072241674178235,37.68039668034094
Las Norias,Las Norias,Almería,-2.7503687212572823,36.757093374381085
Olvera,Olvera,Cádiz,-5.256065178514984,36.93434706068723
Villanueva de las Cruces,Villanueva de las Cruces,Huelva,-7.02411525807898,37.626893439276145
Cortes de la Frontera,Cortes de la Frontera,Málaga,-5.339368375057581,36.62164294390099
La Roca,Málaga,Málaga,-4.434143533755061,36.735391637676614
Güejar-Sierra,Güéjar Sierra,Granada,-3.4400035624396543,37.15911048792894
Navahermosa,Navahermosa,Málaga,-4.842088943073633,37.15559034430916
Torre de la Reina Dr. Higinio Capote Gil,Torre de la Reina,Sevilla,-6.024883673310506,37.51227603392162
Adoratrices,Huelva,Huelva,-6.944222636322674,37.26284172255192
San Fernando Dr. Cayetano Roldan,San Fernando,Cádiz,-6.190298279717197,36.46933452874029
Huelva-Centro,Huelva,Huelva,-6.957847486829772,37.25351154575958
Algallarín,Algallarín,Córdoba,-4.456386699779884,37.998686833015846
Huéscar,Huéscar,Granada,-2.545086701003666,37.806209595903965
Guájar Faragüit,Guájar Faragüit,Granada,-3.5843602842049505,36.84169641075443
Bérchules,Bérchules,Granada,-3.1907875753558774,36.97315776019302
San García,Algeciras,Cádiz,-5.446999505505069,36.104536215160834
Carboneros,Carboneros,Jaén,-3.6319319999078754,38.230112999902
Aguadulce,Aguadulce,Sevilla,-4.991613856406983,37.252354104116485
Zamoranos,Zamoranos,Córdoba,-4.163507159388896,37.525389296770676
Roquetas,Roquetas de Mar,Almería,-2.617159736947518,36.763806776852114
La Rinconada,La Rinconada,Sevilla,-5.981228249282744,37.48886493090924
Tomasa Morales,Algeciras,Cádiz,-5.4571319999858545,36.119168999420204
Consultorio auxiliar - La Ribera,La Ribera,Huelva,-6.9058965598001985,37.3147538123864
Alameda,Alameda,Málaga,-4.652542619394421,37.20838507536611
Huétor Vega,Huétor Vega,Granada,-3.5687085807118883,37.147735581795516
El Almendro,El Almendro,Huelva,-7.270092233625437,37.50692841118066
Venta Nueva,Venta Nueva,Granada,-4.038349516935208,37.183651319198084
Montizón,Montizón,Jaén,-3.103163090170131,38.34283553553652
Grazalema,Grazalema,Cádiz,-5.366520262731408,36.7592532802888
Dr. Joaquín Pece,San Fernando,Cádiz,-6.208718298757596,36.458372334502805
Calañas,Calañas,Huelva,-6.878193657217763,37.651030947450266
La Redondela,La Redondela,Huelva,-7.270543764975965,37.22025133567933
La Antilla,La Antilla,Huelva,-7.220762485987232,37.20703269181179
Bogarre,Bogarre,Granada,-3.374184384280353,37.40986033748577
Albolote,Albolote,Granada,-3.6530083556737463,37.22706783067281
La Guardia,La Guardia de Jaén,Jaén,-3.69308291099801,37.74254278429422
Senés,Senés,Almería,-2.346448158241043,37.20424264718205
Dílar,Dílar,Granada,-3.6022715050863683,37.07563784561529
Rociana del Condado,Rociana del Condado,Huelva,-6.598865264739635,37.30981553912765
La Puerta de Segura,La Puerta de Segura,Jaén,-2.7379931849600903,38.3500988863494
Doña María,Doña María,Almería,-2.7121979962786944,37.135517110738164
Carmona Ntra. Sra. de Gracia,Carmona,Sevilla,-5.647614687226285,37.464337863513705
Vilches,Vilches,Jaén,-3.513276211444061,38.210104406850526
Fernán Pérez,Fernán Pérez,Almería,-2.066895145727443,36.91211045047124
Segura de la Sierra,Segura de la Sierra,Jaén,-2.6513551592405076,38.29770039100347
El Contador,El Contador,Almería,-2.362954276202879,37.588849504167726
Jimena,Jimena,Jaén,-3.476309729333398,37.84162112622185
Sayalonga,Sayalonga,Málaga,-4.011140370295019,36.79767810490647
Santo Tomé,Santo Tomé,Jaén,-3.1019982733777662,38.026366491287064
Olías,Olías,Málaga,-4.320473947446636,36.77113314621802
Alhendín,Alhendín,Granada,-3.644005782862448,37.107974800550124
Alamedilla,Alamedilla,Granada,-3.2433875300016144,37.58176761440942
El Baúl,Baúl,Granada,-2.928779256075726,37.42803205069097
Ropera,La Ropera,Jaén,-4.102280000177637,38.05406499972443
Estella del Marqués,Estella del Marqués,Cádiz,-6.076182283258804,36.68567931649555
Bujalance D. Antonio Fernandez de Molina y Cañas,Bujalance,Córdoba,-4.383890431263719,37.89727735824847
Nueva Jarilla,Nueva Jarilla,Cádiz,-6.030693006612989,36.7573837743619
Puente del Rio,Puente del Río,Almería,-2.9865807519709415,36.756975749261066
Genalguacil,Genalguacil,Málaga,-5.236085000518012,36.54518831235742
El Rocío,El Rocío,Huelva,-6.487235808575128,37.13231174741157
Albánchez de Mágina,Albanchez de Mágina,Jaén,-3.467135000179592,37.79343699924548
Sierra de Yeguas Manuel Ramón Bernal Páez,Sierra de Yeguas,Málaga,-4.871849583281001,37.124407241783594
Facinas,Facinas,Cádiz,-5.698537074935139,36.14146171433007
La Alquería,La Alquería,Granada,-2.5447666106387414,37.71380282049449
Fortuny (Velutti),Granada,Granada,-3.6009200003111745,37.18140000083839
El Gastor,El Gastor,Cádiz,-5.320514655726393,36.853912298723614
San Sebastián de los Ballesteros,San Sebastián de los Ballesteros,Córdoba,-4.824468328678695,37.652550232265895
Fuente del Rey,Fuente del Rey,Sevilla,-5.978254785781525,37.31240587485985
Coto de Bornos,Coto de Bornos,Cádiz,-5.6941019164442706,36.85190504707114
Cantillana D. Manuel Marroco Quevedo,Cantillana,Sevilla,-5.819918459084911,37.611270919952815
Consultorio auxiliar - Miller,Miller,Jaén,-2.4733895094239404,38.22146970543135
Torreblanca,Sevilla,Sevilla,-5.914096595861078,37.387303840277156
Santiponce,Santiponce,Sevilla,-6.041324389118281,37.432259898461226
Aeropuerto Viejo,Aeropuerto Viejo,Sevilla,-5.935589423546198,37.42167848002951
San Juan del Puerto,San Juan del Puerto,Huelva,-6.845558967932455,37.3150117915489
Lubrín,Lubrín,Almería,-2.0657291003064926,37.21405239481607
El Perrunal,Perrunal,Huelva,-6.870733603779486,37.70982836067393
Solera,Solera,Jaén,-3.369113145591595,37.68337649380821
Venta de los Santos,Venta de los Santos,Jaén,-3.074852529357199,38.36018361463013
Albendín,Albendín,Córdoba,-4.239358135969046,37.670857128632974
Torrequebradilla,Torrequebradilla,Jaén,-3.6614304885097964,37.9084474931452
Los Gallardos,Los Gallardos,Almería,-1.9397270667357338,37.16764816438056
Casarabonela,Casarabonela,Málaga,-4.84289912128307,36.786651049496264
María,María,Almería,-2.165921001069885,37.711574553003366
Traslasierra,Traslasierra,Huelva,-6.658923766289932,37.69913498845426
Guijo,El Guijo,Córdoba,-4.782986452960311,38.49489068221261
Chipiona Doctor Tolosa Latour,Chipiona,Cádiz,-6.429719999907993,36.74140000051397
Bayárcal,Bayárcal,Almería,-2.997103374389688,37.031677030069005
Villanueva del Rosario,Villanueva del Rosario,Málaga,-4.368016148835872,36.997998271914625
Beas de Guadix,Beas de Guadix,Granada,-3.204639072700814,37.27968473690046
Dos Hermanas A Doña Mercedes,Dos Hermanas,Sevilla,-5.926631937529478,37.27775695282587
Cardeña,Cardeña,Córdoba,-4.323228355919995,38.270610215977875
Fuensanta de Martos,Fuensanta de Martos,Jaén,-3.9049917852161045,37.64779183903543
Jerez Sur,Jerez de la Frontera,Cádiz,-6.136847691038607,36.668573398799246
El Hoyo,El Hoyo,Córdoba,-5.29082804478959,38.246826092079964
Castilleja de la Cuesta,Castilleja de la Cuesta,Sevilla,-6.057371863618863,37.383270805127104
Topares,Topares,Almería,-2.2288929494141163,37.86165874018647
Jabugo,Jabugo,Huelva,-6.730142340367325,37.91826490786461
Benarrabá,Benarrabá,Málaga,-5.2773591048828985,36.552784078385905
Restábal (El Valle),Restábal,Granada,-3.5822450540328075,36.92948275104136
Venta del Charco,Venta del Charco,Córdoba,-4.278714603270994,38.20279495376959
Isla Mayor,Isla Mayor,Sevilla,-6.165593340830965,37.1332624133222
Moraleda de Zafayona,Moraleda de Zafayona,Granada,-3.9671821242726555,37.16941033554535
Villanueva de la Concepción,Villanueva de la Concepción,Málaga,-4.532298597740388,36.93066154571801
El Consul,Málaga,Málaga,-4.477778860846667,36.72181008632259
Huelin,Málaga,Málaga,-4.433902482225153,36.70451739693678
Sabiote,Sabiote,Jaén,-3.3046300014535333,38.07009816048628
Calahonda,Calahonda,Granada,-3.418181728323571,36.70113920482067
Aeropuerto,Córdoba,Córdoba,-4.798019830392413,37.87376064014586
Bormujos,Bormujos,Sevilla,-6.075353654503782,37.37509113562953
Torreguadiaro,Torreguadiaro,Cádiz,-5.26732617610301,36.30165359832593
Las Lagunas,Las Lagunas,Málaga,-4.632404485725066,36.5441925087899
Churriana de la Vega,Churriana de la Vega,Granada,-3.6530355045212954,37.14703722480687
El Coronil Don Julio Borreguero,El Coronil,Sevilla,-5.633059763425427,37.07855672447698
Fuente de Piedra,Fuente de Piedra,Málaga,-4.733944057499801,37.13556553367639
Aldeahermosa,Aldeahermosa,Jaén,-3.1273393524088036,38.32979772764643
Sorihuela del Guadalimar,Sorihuela del Guadalimar,Jaén,-3.0536963667079164,38.239442118900286
Aguadulce Sur,Campillo del Moro,Almería,-2.584560275027997,36.8055433712961
Las Letanías Dra. Inmaculada Vieira,Sevilla,Sevilla,-5.966211000304716,37.365302000073896
Venta del Viso,Urbanización Félix,Almería,-2.697458899156839,36.79533391950214
Cisneo Alto-Las Naciones,Sevilla,Sevilla,-5.969974132702526,37.40603156930973
Alfacar,Alfacar,Granada,-3.561414829530092,37.23774524944496
Albánchez,Albanchez,Almería,-2.182409806125354,37.286334408771104
Osuna,Osuna,Sevilla,-5.102447583030326,37.2359548729516
Urrácal,Urrácal,Almería,-2.364576084104695,37.39736272390573
Sanlúcar-Barrio Alto,Sanlúcar de Barrameda,Cádiz,-6.350314721769596,36.777949205946626
Posadas D. Rafael Florez Crespo,Posadas,Córdoba,-5.104758099650591,37.80225223732412
Atajate,Atajate,Málaga,-5.245587812361341,36.63997385336314
Dehesas de Guadix,Dehesas de Guadix,Granada,-3.1027559834009577,37.58987670701554
Gabia la Chica (Las Gabias),Gabia Chica,Granada,-3.6531463091614476,37.12438640299173
Castellar,Castellar,Jaén,-3.132404209922618,38.25525212782221
Obejo,Obejo,Córdoba,-4.798560249180237,38.13085013092276
Alpandeire,Alpandeire,Málaga,-5.202735396839236,36.63351638201802
Cerrillo de Maracena,Cerrillo de Maracena,Granada,-3.6267663685281724,37.20301694414546
Corumbela,Corumbela,Málaga,-4.005290299484704,36.8216333603089
Rihornos,Rihornos,Jaén,-2.7124248239006845,38.283704027008746
Puerto Santa María Angel Salvatierra,Centro de Salud Puerto Norte,Cádiz,-6.229805340834971,36.61196026382141
Canillas de Albaida,Canillas de Albaida,Málaga,-3.9855165830379438,36.84573415183706
Alcalá del Valle,Alcalá del Valle,Cádiz,-5.1711059466105525,36.90335562343601
Las Juntas,Las Juntas,Granada,-2.9021045753990835,37.33300646267324
Villaricos,Villaricos,Almería,-1.7693189760214947,37.25047485827769
La Yedra,La Yedra,Jaén,-3.4324259997690523,38.029089000626456
Ventorros de Balerma,Ventorros de Balerma,Granada,-4.253216181498928,37.22772351163562
Las Navas de Tolosa,Navas de Tolosa,Jaén,-3.587125604035097,38.28634787181286
Ecija Virgen del Valle,Écija,Sevilla,-5.074903562652108,37.53637992089483
San Telmo,Jerez de la Frontera,Cádiz,-6.132525095733656,36.67177825995837
Cenes de la Vega,Cenes de la Vega,Granada,-3.539046740559022,37.16042886484171
Gádor,Gádor,Almería,-2.491547246605883,36.95340005688663
Tabernas,Tabernas,Almería,-2.3945836443917803,37.04907609628703
Palma-Palmilla,Málaga,Málaga,-4.426623445665368,36.73818152736204
Benahadux,Benahadux,Almería,-2.460122043440388,36.931481511986625
Cerro Perea,Cerro Perea,Sevilla,-4.981997892079272,37.59057388783473
Almaciles,Almaciles,Granada,-2.336546681555553,37.97980221963843
Campillo del Rio,Campillo del Río,Jaén,-3.666839058492787,37.959185541494584
Virgen del Mar,Almería,Almería,-2.4509788973451316,36.8492495720777
Alcaucín,Alcaucín,Málaga,-4.113543045337779,36.90147721393692
Alsodux,Alsodux,Almería,-2.594694317334722,37.00267933936921
Los Nietos,Los Nietos,Almería,-2.1826474152912607,36.884544834131745
Palma del Rio Dr. Trujillo del Rio,El Vínculo,Córdoba,-5.266418613153484,37.700914877537194
Alomartes,Alomartes,Granada,-3.916311776747739,37.2609800243243
Orce,Orce,Granada,-2.4777862755447972,37.72059962297264
Algodonales,Algodonales,Cádiz,-5.402754161640366,36.880385160906386
Ronda Histórica,Sevilla,Sevilla,-5.979150954122889,37.39875702342038
Puerta Blanca,Málaga,Málaga,-4.449011198703906,36.68827310664905
Ntra.Sra. de la Oliva,Alcalá de Guadaíra,Sevilla,-5.833304323816859,37.33871508351441
Moclinejo,Moclinejo,Málaga,-4.252879514133458,36.77108478523422
Cañada Catena,Cañada Catena,Jaén,-2.7760868214138634,38.27496225912766
Pujaire,Pujaire,Almería,-2.2309587524055856,36.79568106161347
Nacimiento,Nacimiento,Almería,-2.647659622955788,37.106060264417714
Benacazón,Benacazón,Sevilla,-6.199310843200119,37.356542954196634
Murchas,Murchas,Granada,-3.5565865662771254,36.948303725368795
Villanueva del Trabuco,Villanueva del Trabuco,Málaga,-4.340496197860874,37.02682576142518
Benitorafe,Benitorafe,Almería,-2.2903819613219243,37.239755570985594
Mazagón,Mazagón,Huelva,-6.827596781584475,37.13735396989665
Castil de Campo,Castil de Campos,Córdoba,-4.142471602019209,37.493104252072364
Castro del Rio,Castro del Río,Córdoba,-4.4802880858524645,37.691856595703
Puerta de Madrid,Andújar,Jaén,-4.047366286284145,38.038175339890486
Cártama,Cártama,Málaga,-4.629410791738258,36.71282301190914
Beires,Beires,Almería,-2.791420000413291,37.012500001151835
Loreto-Puntales,Cádiz,Cádiz,-6.271557485236594,36.50527664941114
La Pañoleta,Barriada la Pañoleta,Sevilla,-6.031825675389875,37.38665683993739
Valverde del Camino,Valverde del Camino,Huelva,-6.748514854107014,37.573394489559476
Medina Sidonia,Medina Sidonia,Cádiz,-5.927661921209752,36.46540489773527
Jédula,Jédula,Cádiz,-5.932135230923217,36.72421084141789
Cútar,Cútar,Málaga,-4.227684446405827,36.83153191106051
Pedro Martínez,Pedro Martínez,Granada,-3.2316601677600345,37.498663527598715
Poblado Alfonso,Poblado de Alfonso Xiii,Sevilla,-6.13401209543655,37.16677046206668
Fernán Núñez Dª Josefina Carmona,Fernán-Núñez,Córdoba,-4.722465260502753,37.666593872079225
Los Lobos,Los Lobos,Almería,-1.7663970697895177,37.30691281064017
Villarrubia,Villarrubia,Córdoba,-4.912177733930113,37.84909094951517
Esquivel,Esquivel,Sevilla,-5.944079082425274,37.54511052367293
La Fuente,La Fuente,Almería,-1.746019483042436,37.38992170075636
Cástaras,Cástaras,Granada,-3.2538920609245436,36.93151993439924
Linares B Los Marqueses,Linares,Jaén,-3.6275245213266505,38.08787096291748
Poniente,Córdoba,Córdoba,-4.796372000579586,37.88168099935965
Tiena,Tiena,Granada,-3.7873838778170668,37.31964060289381
Huércal de Almería,Huércal de Almería,Almería,-2.4348715238052088,36.88299492661354
Sanlúcar-Barrio Bajo,Sanlúcar de Barrameda,Cádiz,-6.355820185789648,36.78106823291189
Las Pajanosas,Las Pajanosas,Sevilla,-6.108424315764763,37.57978203075769
Los Olivos,Los Olivos,Granada,-2.656419663620987,37.70396220308127
Villa del Rio,Pol. Ind. La Estrella,Córdoba,-4.282770751970463,37.98512903971255
Polopos,Polopos,Granada,-3.2971278603921217,36.79546049986821
San Hilario (Dos Hermanas B),Dos Hermanas,Sevilla,-5.918679735880452,37.28990511748377
Los Noguerones,Noguerones,Jaén,-4.161190000061689,37.65759599998177
Híjar (Las Gabias),Híjar,Granada,-3.6740778355121715,37.14968664370966
Espartinas,Espartinas,Sevilla,-6.12440591534173,37.38165466449733
Fuente Álamo,Fuente Álamo,Jaén,-4.034468924636329,37.47595686481599
El Posito,Arcos de la Frontera,Cádiz,-5.810004910766719,36.75014631778522
Coca de la Piñera,Barriada Coca de la Piñera,Sevilla,-6.038280061653553,37.38401007704085
Montequinto Olivar de Quinto,Quinto,Sevilla,-5.925862350768921,37.325063828150256
Colonia Santa Ana,Colonia Santa Ana,Málaga,-4.722286233460151,37.06241509769022
Martos,Martos,Jaén,-3.969427020348979,37.71673555628941
Consultorio auxiliar - Burunchel,Burunchel,Jaén,-2.953793842243724,37.94604228158726
Costacabana,Costacabana,Almería,-2.380559999918101,36.83938727004241
El Convoy,El Convoy,Almería,-1.7612049700972845,37.39647934720115
Zujaira,Zujaira,Granada,-3.8028622900243487,37.25546513713561
Belicena,Belicena,Granada,-3.6899224341894676,37.17263312991451
Las Casillas de Martos,Las Casillas,Jaén,-4.001251063573362,37.64220890739909
El Valle,Jaén,Jaén,-3.781293217742643,37.78119326490103
Las Cucharetas,Las Cucharetas,Granada,-2.784813141495318,37.62590377580869
Perchel,Málaga,Málaga,-4.425046953785484,36.7123118283919
Argamasón,El Argamasón,Almería,-1.9784758208250397,36.998824468398155
Castell de Ferro,Castell de Ferro,Granada,-3.3609013148378093,36.72387065415567
Santiago de Calatrava,Santiago de Calatrava,Jaén,-4.16700810457008,37.75340457218442
Minas de Herrerías,Las Herrerías,Huelva,-7.292685164942933,37.61114030669172
Minas de Riotinto,Minas de Riotinto,Huelva,-6.596097125485839,37.69297261551704
Majarromaque,José Antonio,Cádiz,-5.906470193596771,36.67070054890937
Pedro Abad,Pedro Abad,Córdoba,-4.461328463902896,37.962673395103565
El Alcornocal,El Alcornocal,Córdoba,-5.330306256137191,38.181363969711526
Cañete de las Torres,Pol. Ind. Los Ruedos,Córdoba,-4.31992124121005,37.86269731833944
Bollullos de la Mitación,Bollullos de la Mitación,Sevilla,-6.137915855759643,37.33512280050756
Santisteban del Puerto,Santisteban del Puerto,Jaén,-3.203664972165144,38.25437314812426
Cuevas de Ambrosio,Cuevas de Ambrosio,Jaén,-2.8356348656493653,38.25728507794212
Vélez Rubio,Vélez-Rubio,Almería,-2.0759404140346636,37.65145228742113
Almanzora,Almanzora,Almería,-2.133077166936034,37.349692528699094
Umbrete,Umbrete,Sevilla,-6.157262220100504,37.36633900728057
Pruna,Pruna,Sevilla,-5.221744479540327,36.97314296515545
Lobres,Lobres,Granada,-3.564260703008522,36.772382309733416
Almargen,Almargen,Málaga,-5.023640117921501,37.001155297905704
Algarrobo,Algarrobo,Málaga,-4.040283959904659,36.77122092023064
Salteras,Salteras,Sevilla,-6.110445218042768,37.416007365378775
La Campana (Nueva Andalucía),Nueva Andalucía,Málaga,-4.975792463506053,36.50190772716705
Esfiliana,Esfiliana,Granada,-3.1048877568620687,37.26719257085162
María Fuensanta Pérez Quirós,Sevilla,Sevilla,-5.926932334825071,37.39978232820006
Los Baños,Los Baños,Granada,-3.2126511600339605,37.30133758639689
Válor,Válor,Granada,-3.082507427197332,36.996713784349396
Dúdar,Dúdar,Granada,-3.483191356014519,37.186290859211624
Cijuela,Cijuela,Granada,-3.809148224917698,37.198876203611434
Agrón,Agrón,Granada,-3.830013442744121,37.03076829556321
Cogollos Guadix,Cogollos de Guadix,Granada,-3.1573638702662032,37.22529189285593
Bulevar,Jaén,Jaén,-3.786498753432713,37.78174187202693
Benatae,Benatae,Jaén,-2.650424735200065,38.352212482548374
Puerto de la Encina,Puerto de la Encina,Sevilla,-5.201118842338107,37.139892124370974
Pedro Ruiz,Pedro Ruiz,Granada,-3.751913416101785,37.21506611981295
Nerja,Nerja,Málaga,-3.8748740107217516,36.7555046725974
Cazorla,Cazorla,Jaén,-3.0015951802717544,37.91619262107376
El Cachorro,Sevilla,Sevilla,-6.009646218183002,37.38978861882275
Cuevas de Baza,Baza,Granada,-2.780866154484122,37.484058125115034
Cenascuras,Cenascuras,Granada,-3.0048538214483074,37.409988982587954
Campofrío,Campofrío,Huelva,-6.576920169408413,37.76709186252852
El Torrejón,Huelva,Huelva,-6.934910349133972,37.27400673785723
Chimeneas,Chimeneas,Granada,-3.8244482044063868,37.13201137165022
Parauta,Parauta,Málaga,-5.129710995494079,36.65555366490211
Arroyomolinos de León,Arroyomolinos de León,Huelva,-6.420247849093231,38.02425181508366
Obéilar,Obéilar,Granada,-3.855896453200498,37.250575040290876
Jerez del Marquesado,Jérez del Marquesado,Granada,-3.1602407752168618,37.183325301823544
Torre-Cardela,Torre-Cardela,Granada,-3.355864000645445,37.503729000198675
Zahara de los Atunes,Zahara de los Atunes,Cádiz,-5.843162394969887,36.13562615328897
Molvízar,Molvízar,Granada,-3.6091041643973405,36.78587373604807
Antequera Estación,Antequera,Málaga,-4.560413471283164,37.02649462800876
Collejares,Collejares,Jaén,-3.1394268016767195,37.79258177885369
Real de la Jara,El Real de la Jara,Sevilla,-6.153861132308004,37.949491530462424
Plaza de Toros,Almería,Almería,-2.4627434666790657,36.84803218758172
La Linea-Centro La Velada,La Línea de la Concepción,Cádiz,-5.3479614469827155,36.16621732688081
Albuñán,Albuñán,Granada,-3.1369094772533788,37.23098000937666
Dúrcal,Dúrcal,Granada,-3.5668503026146943,36.992507108486656
Puerta Este Dr. Pedro Vallina,Sevilla,Sevilla,-5.939185341290736,37.40141162428834
Fuente Camacho,Fuente Camacho,Granada,-4.254679172959729,37.09835449026961
Bélmez de la Moraleda,Bélmez de la Moraleda,Jaén,-3.383329999950824,37.724708000367784
Ventas de Huelma,Ventas de Huelma,Granada,-3.820976619686217,37.066850388919995
Cúllar Vega,Cúllar Vega,Granada,-3.6705579335953207,37.15320893022733
Cuevas de San Marcos,Cuevas de San Marcos,Málaga,-4.414387235391722,37.26670898997781
Corteconcepción,Corteconcepción,Huelva,-6.506408991104369,37.89615954856001
Valdés,Valdés,Málaga,-4.242765556439704,36.75736637889894
Doctor Federico Rubio,El Puerto de Santa María,Cádiz,-6.226050025820828,36.600031041013004
Bellavista,Sevilla,Sevilla,-5.964670976172677,37.32570598059868
La Montiela,La Montiela,Córdoba,-4.91870032947844,37.52566096306422
Valenzuela,Valenzuela,Córdoba,-4.219459836520792,37.77480269089234
Puerto Lope,Puerto Lope,Granada,-3.833615650855947,37.33671514259479
Carrasco,Carrasco,Jaén,-2.7186730659780216,38.26675601471446
Píñar,Píñar,Granada,-3.440518946870347,37.44254761587821
El Colorado,Barrio Nuevo-El Colorado,Cádiz,-6.091142619375429,36.33182903417854
Ciudad Jardín (Guadalmedina),Málaga,Málaga,-4.420103525445082,36.74782457911069
Moclín,Moclín,Granada,-3.7863162543873807,37.33920038952255
Solana de Torralba,Solana de Torralba,Jaén,-3.1721313360512426,37.988023041812006
Venta del Pobre,Venta del Pobre,Almería,-2.069823837669915,36.98979479422036
Cortes,Cortes,Granada,-3.2152293118005817,37.3103445116488
Puente Genil II,Puente Genil,Córdoba,-4.756497378451852,37.39539024883558
Tocón (Quéntar),Tocón,Granada,-3.3716161993928058,37.24078418164679
Pinzón,Pinzón,Sevilla,-6.0150196504790445,37.10895123720224
Churriana,Churriana,Málaga,-4.498646300496951,36.665056216863505
Itrabo,Ítrabo,Granada,-3.639735382592242,36.79954158586173
El Largo,Entorno de El Largo,Almería,-1.7664846203413023,37.337290667158506
Taraguilla,Taraguilla,Cádiz,-5.422279573869163,36.20617421017574
La Pedriza,La Pedriza,Jaén,-3.952519526550355,37.41083927649571
Cala del Moral,La Cala del Moral,Málaga,-4.311802426764927,36.716460554003945
La Algaba,La Algaba,Sevilla,-6.0136833604463655,37.465570141989986
Torrequebrada,Arroyo de la Miel-Benalmadena Costa,Málaga,-4.537159529748564,36.58266240864856
El Santiscal,El Santiscal,Cádiz,-5.782607876521278,36.76330511502923
Benagalbón,Benagalbón,Málaga,-4.244324512176934,36.736864141156715
Carlos Castilla del Pino,Córdoba,Córdoba,-4.797327699623843,37.88699130217485
San Pablo,Sevilla,Sevilla,-5.961080303859815,37.394328133196055
Las Pocicas,Las Pocicas,Almería,-2.1502596135986694,37.46799366743555
Frailes,Frailes,Jaén,-3.838227000222422,37.48605399931218
Puebla del Rio,La Puebla del Río,Sevilla,-6.0647622928450495,37.26568721932989
Gérgal,Gérgal,Almería,-2.5391106370442036,37.120110280304296
Huertas Bajas,Huertas Bajas,Córdoba,-4.555152117608065,37.46961969471258
Torres,Torres,Jaén,-3.5089410338012197,37.78403804211983
Chiclana Costa Los Gallos,Los Gallos,Cádiz,-6.168662893163648,36.395739958397904
Los Corrales,Los Corrales,Sevilla,-4.980419494648864,37.099620500659
Castaño del Robledo,Castaño del Robledo,Huelva,-6.703734430652597,37.894998317191494
Archidona,Archidona,Málaga,-4.392188467403732,37.092211167197604
Entrecaminos,Urbanización Entrecaminos,Jaén,-3.7362291882317678,37.763349991692884
Zafarraya,Zafarraya,Granada,-4.140004950372386,36.974154818910584
Vélez-Málaga Sur,Vélez-Málaga,Málaga,-4.100781861874315,36.7727418205418
Consultorio auxiliar - La Matea,La Matea,Jaén,-2.5935114189305066,38.082513093570554
Polícar,Polícar,Granada,-3.23320804927611,37.257473308851
Garcíez,Garcíez,Jaén,-3.45789922083952,37.87408394678236
Nigüelas,Nigüelas,Granada,-3.5390140972909907,36.97891049217726
Hernán Valle,Hernán-Valle,Granada,-3.0640868511596207,37.371784825533254
Cádiar,Cádiar,Granada,-3.17949139127666,36.946573817284964
Partaloa,Partaloa,Almería,-2.226214180383056,37.40606704829219
San Silvestre de Guzmán,San Silvestre de Guzmán,Huelva,-7.34820892523511,37.388075506290555
Arjona,Arjona,Jaén,-4.059337999522234,37.936060000100305
Los Chapatales,Los Chapatales,Sevilla,-5.984768580030769,37.15075788965701
Santa Rosalía,Santa Rosalía-Maqueda,Málaga,-4.568989992149741,36.732877235353605
Trasmulas,Trasmulas,Granada,-3.8727381042924764,37.19829271307335
Bacor-Olivar,Bácor,Granada,-2.954005511698994,37.53116106727138
Alicún Ortega,Alicún de Ortega,Granada,-3.137355000351674,37.607859999330465
La Carolina Purísima Concepción,La Carolina,Jaén,-3.6090000005728466,38.275688000582285
Espejo,Espejo,Córdoba,-4.554698204682984,37.67654676456531
Gelves,Gelves,Sevilla,-6.026821467281923,37.33562285002556
Miraflores de los Ángeles,Málaga,Málaga,-4.440929343299825,36.72874560387713
El Saetí,El Saeti,Almería,-2.0919999999509877,37.26510000066378
Benalúa de las Villas,Benalúa de las Villas,Granada,-3.682843297496838,37.42780061680994
Conil La Atalaya,Conil de la Frontera,Cádiz,-6.089982866339712,36.28087096464612
Úbeda Este,Úbeda,Jaén,-3.3610491313992616,38.016284453087145
Cañada del Rabadán,Cañada del Rabadán,Sevilla,-5.082867229430438,37.65867439537419
La Carrasca,La Carrasca,Jaén,-3.984670714946341,37.64590013193749
Arjonilla Matias Anguita Anguita,Arjonilla,Jaén,-4.105049974243476,37.972615182272264
Amante Laffón,Sevilla,Sevilla,-6.009636611567166,37.38090320053104
Polígono Sur,Sevilla,Sevilla,-5.970854837263015,37.359889909429405
Padul,Padul,Granada,-3.6286943985593845,37.02549617789436
El Higueral,Higueral,Almería,-2.4997090854316553,37.38406992604759
Valdelamusa,Valdelamusa,Huelva,-6.878161195465632,37.787435866980445
Trinidad Jesús Cautivo,Málaga,Málaga,-4.429563703449587,36.725676723307465
Amate,Sevilla,Sevilla,-5.952835879457316,37.376552913596335
Cuevas Bajas,Cuevas Bajas,Málaga,-4.489591297869622,37.234979012274685
Benalup,Benalup,Cádiz,-5.812940195020944,36.3470198201117
Cabra de Santo Cristo,Cabra del Santo Cristo,Jaén,-3.287259000248047,37.70546599993656
San Francisco,San Francisco,Almería,-1.8776249540971282,37.4214880552574
Jimera de Líbar,Jimera de Líbar,Málaga,-5.274655832785901,36.65234256879498
Viñuela,Viñuela,Málaga,-4.142379137676755,36.86545373763061
Campillo,El Campillo,Jaén,-3.045160502285591,38.2742462907518
El Cuervo,El Cuervo de Sevilla,Sevilla,-6.039897614553182,36.85359158389673
Aldeaquemada,Aldeaquemada,Jaén,-3.3711959998761367,38.41315500073472
Alcalá de Guadaira Don Paulino García Donas,Alcalá de Guadaíra,Sevilla,-5.839726971821467,37.349068800528364
Montilla,Montilla,Córdoba,-4.6428919767662356,37.58341405891787
Colmenar,Colmenar,Málaga,-4.336777130696983,36.906247400360186
Rus,Rus,Jaén,-3.4591743572449634,38.04460059785598
Santa Ana,Santa Ana,Jaén,-3.887802038934329,37.461519427665394
Hortichuela,Pilas de la Fuente del Soto,Jaén,-4.011825580637475,37.438955948853234
Cañete la Real,Cañete la Real,Málaga,-5.02258812948645,36.950350892662705
Cortelazor,Cortelazor,Huelva,-6.625301411301208,37.93557277820984
Guájar Fondón,Guájar Fondón,Granada,-3.5792232211005532,36.83540317512123
Totalán,Totalán,Málaga,-4.297734660197381,36.76403391027162
San José Escobar,San José de Escobar,Jaén,-3.958016891139859,38.02589638269011
Sabariego,Sabariego,Jaén,-4.0432559439012,37.52602454848202
Riogordo,Riogordo,Málaga,-4.293958023866169,36.915498744309794
San Martín del Tesorillo,San Martín del Tesorillo,Cádiz,-5.323977220651226,36.34043607483008
Macael,Macael,Almería,-2.3001584694689674,37.336691499494556
Los Pascuales,Los Pascuales,Jaén,-2.821842596826238,38.38365499110224
San José,Entorno de San José,Almería,-2.1131382201034232,36.75872490491023
Lopera,Lopera,Jaén,-4.215017320737247,37.94442727942082
Alhaurín el Grande Dr. Francisco Burgos Casero,Alhaurín el Grande,Málaga,-4.685634582818364,36.64389016138815
Cañada del Gamo,Cañada del Gamo,Córdoba,-5.404692323491871,38.205426697432806
La Concepción,La Concepción,Córdoba,-4.153563351495121,37.45117058172396
Cozvíjar (Villamena),Cozvíjar,Granada,-3.5887535514745714,36.99094070268241
El Pedroso,El Pedroso,Sevilla,-5.764535025081117,37.84332401613283
Pedrera,Pedrera,Sevilla,-4.897988511723946,37.22827052596014
Bonanza,Bonanza,Cádiz,-6.33486055289899,36.798465508834965
Pegalajar,Pegalajar,Jaén,-3.6453430250934344,37.738364107124305
El Campillo,El Campillo,Huelva,-6.626884769938491,37.693944694008415
Almáchar,Almáchar,Málaga,-4.217261631117931,36.809108034608144
Villanueva del Rio,Villanueva del Río,Sevilla,-5.689397791798511,37.62824970389848
Iznalloz,Iznalloz,Granada,-3.521692892262578,37.390587312483504
Las Almontaras,Almontaras,Granada,-2.756426454063354,37.76762308164588
Cala,Cala,Huelva,-6.31635506195795,37.97146816002886
Lahiguera,Lahiguera,Jaén,-3.9910697605690153,37.97098801776422
Diezma,Diezma,Granada,-3.3316893953617805,37.32097942565808
Valle de Abdalajís,Valle de Abdalajís,Málaga,-4.68177734932054,36.93137597739052
El Arrecife,El Arrecife,Córdoba,-4.8954618753634165,37.69902612121112
Gabia la Grande (Las Gabias),Gabia Grande,Granada,-3.6672075387767578,37.133654953118665
Las Cefiñas,Las Cefiñas,Huelva,-6.859708422656711,37.968099564070734
Dólar,Dólar,Granada,-2.99208606662173,37.17822264303796
Arcos de la Frontera,Arcos de la Frontera,Cádiz,-5.797135447128539,36.74275351920941
Periana,Periana,Málaga,-4.188808274967593,36.92678955222919
Ogíjares,Ogíjares,Granada,-3.606163091649268,37.11955048159278
Delicias Málaga,Málaga,Málaga,-4.446278297673629,36.69696702786064
Suflí,Suflí,Almería,-2.39124231429675,37.338300136633784
Llano del Espino,Llano del Espino,Almería,-2.1896303420331256,37.43752648778762
Góngora,Granada,Granada,-3.5949106479141713,37.16633099888737
Chiclana-La Banda Padre Salado,Chiclana de la Frontera,Cádiz,-6.142577613257157,36.41947798460598
Monteblanco,Dehesa,Huelva,-6.787573577504328,37.789067210560845
Paymogo,Paymogo,Huelva,-7.345644350122716,37.738900382915546
El Buitrón,El Buitrón,Huelva,-6.737008368952531,37.639095154675815
Cortijos Nuevos,Cortijos Nuevos,Jaén,-2.7250170136775447,38.24642628902246
Torre del Mar,Torre del Mar,Málaga,-4.093892304285056,36.74406571813273
Hinojales,Hinojales,Huelva,-6.591402117432491,38.00848458315085
Mollina,Mollina,Málaga,-4.657585023588135,37.1190709432756
Fuengirola-Oeste,Fuengirola,Málaga,-4.628385291408427,36.532347335653775
Chilluévar,Chilluévar,Jaén,-3.0306815090029566,38.00358777675369
Terque,Terque,Almería,-2.5950063245193515,36.983695456735006
Pulianas,Pulianas,Granada,-3.6085607798263046,37.22151452853863
El Juncal,Sevilla,Sevilla,-5.968883527326094,37.37013675312932
Baza,Baza,Granada,-2.7789354332140666,37.49252029251023
Valdezorras,Valdezorras,Sevilla,-5.925434399699223,37.43025870552482
Overa,Los Menas,Almería,-1.988789553028018,37.35140852895723
Matarredonda,Matarredonda,Sevilla,-4.944979666857394,37.37692499111391
El Molar,El Molar,Jaén,-3.146962999612523,37.9803049159171
La Viña,La Carrera de la Viña,Granada,-4.1483107844622245,37.2854303735904
Mairena del Alcor,Mairena del Alcor,Sevilla,-5.7560156035076115,37.371523830139814
Albondón,Albondón,Granada,-3.2126811079669735,36.826705682944215
Sillar Baja,Sillar Baja,Granada,-3.3630632559020026,37.34452534449032
Saleres (El Valle),Saleres,Granada,-3.5935288216606804,36.92970521419021
Consultorio auxiliar - Las Escuelas,Las Escuelas,Jaén,-3.5115924077479383,37.870309458549514
Monda,Monda,Málaga,-4.832552141778262,36.63091739942642
Los Carlos,Consultorio,Granada,-3.375036216084052,36.7634261347932
Mures,Mures,Jaén,-3.822437136024008,37.423103343455054
La Cala,La Cala,Málaga,-4.6779441223189515,36.503902420363794
Campillos,Campillos,Málaga,-4.86497858649318,37.04334139554839
Mairena del Aljarafe Clara Campoamor,Mairena del Aljarafe,Sevilla,-6.058145895426184,37.34402418562837
Jete,Jete,Granada,-3.668348544843967,36.797347994378114
Palomares,Palomares del Río,Sevilla,-6.062352056888482,37.31862597723965
Úrcal,Úrcal,Almería,-1.9199089844909978,37.467530726731
Torrox,Torrox,Málaga,-3.951013032005531,36.75800068034507
Atarfe,Atarfe,Granada,-3.687697148652957,37.221404774359044
Isla Chica_Virgen de la Victoria,Huelva,Huelva,-6.937171688539011,37.25815653315855
Tocón,Tocón,Granada,-3.9680146212067995,37.23752736652579
Puente del Obispo,Puente del Obispo,Jaén,-3.54083700057342,37.950717999920776
La Nava,La Nava,Huelva,-6.744592450407649,37.9632399042272
Turrillas,Turrillas,Almería,-2.2661840594090155,37.02989163756308
Villardompardo,Villardompardo,Jaén,-4.001059696595985,37.83995661235603
Barranquete,El Barranquete,Almería,-2.19486314221793,36.83646091042341
Galaroza,Galaroza,Huelva,-6.710455214314372,37.9270846627341
Aulago,Aulago,Almería,-2.626665855700288,37.16020583066815
Venta de Agramaderos,Venta de Agramaderos,Jaén,-3.9754725764737264,37.38860827609687
Alcóntar,Alcóntar,Almería,-2.596417581587375,37.3369100557818
Zalamea la Real,Zalamea la Real,Huelva,-6.661109908183468,37.68161607600138
La Estación (Guadix),Estación de Guadix,Granada,-3.127276529530798,37.316911589458314
Campillo,El Campillo,Sevilla,-5.216804269477346,37.543144109246185
Santo Domingo,El Ejido,Almería,-2.800729300287426,36.76926316282066
Montejaque,Montejaque,Málaga,-5.250236445183405,36.73574066739536
Villanueva del Rio Y Minas,Villanueva del Río y Minas,Sevilla,-5.7111710235558215,37.657926393088594
La Coronada,La Coronada,Córdoba,-5.491803490278714,38.2553026809335
Pozo de los Frailes,Pozo de los Frailes,Almería,-2.1071358796613424,36.7874477180434
Llanos de Sotillo,Llanos del Sotillo,Jaén,-4.086892999568382,38.03340300063761
Cóbdar,Cóbdar,Almería,-2.2098221855042923,37.26022159232965
Benamocarra,Benamocarra,Málaga,-4.15955327566892,36.79140130403926
Virgen de África,Sevilla,Sevilla,-6.003519981131425,37.376664833819085
Castilblanco de los Arroyos,Castilblanco de los Arroyos,Sevilla,-5.988391235120273,37.67648148726009
Valenzuela,Valenzuela,Granada,-3.984918204964734,37.080903062880054
Cerralba,Cerralba,Málaga,-4.722138149195418,36.74423157158451
El Saltador,El Saltador Bajo,Almería,-1.9285125382974104,37.0298008158756
Triana,Triana,Málaga,-4.166689493441319,36.81899563780097
Palmete,Sevilla,Sevilla,-5.9324527728814305,37.372138566924235
La Cardenchosa,La Cardenchosa,Córdoba,-5.34931180618139,38.14629022437359
La Lobilla,Estepona,Málaga,-5.142562000383845,36.43237300065066
Canillas de Aceituno,Canillas de Aceituno,Málaga,-4.081447332073399,36.87296565808822
Freila,Freila,Granada,-2.906791058557674,37.52861776143755
Los Castillas,Los Castillas,Granada,-3.187022893896325,36.772390720480594
Ojén,Ojén,Málaga,-4.855016467122961,36.56331553155019
Ecija El Almorrón,Écija,Sevilla,-5.086519584489802,37.545531527079454
Nueva Andalucía,Almería,Almería,-2.4476433658132772,36.83997927024201
Belén,Jaén,Jaén,-3.7834621620805344,37.76965893643851
Santa Mª de Trassierra,Santa María de Trassierra,Córdoba,-4.898248929225771,37.92682935845983
Illar,Íllar,Almería,-2.6394718656062945,36.985076299001456
Bejarín,El Bejarín,Granada,-3.1800744145608584,37.338633756113495
Paterna del Campo,Paterna del Campo,Huelva,-6.403836751584947,37.418257469887244
Alcalá de los Gazules,Alcalá de los Gazules,Cádiz,-5.723234482668676,36.46103897858886
Pozo del Camino,Pozo del Camino,Huelva,-7.315473845343448,37.22517953339498
Aracena,Aracena,Huelva,-6.557824173511826,37.88877786959068
Cuevas del Becerro,Cuevas del Becerro,Málaga,-5.044768121605593,36.875695189577165
El Bosque,El Bosque,Cádiz,-5.5068897424803565,36.757640190564196
Sorbas,Sorbas,Almería,-2.1299200001058587,37.09940000052286
Ugíjar,Ugíjar,Granada,-3.055292620791032,36.96469833444219
Higuera de la Sierra,Higuera de la Sierra,Huelva,-6.4471583529870475,37.837214048844544
Estación de San Roque,Estación Férrea,Cádiz,-5.430683430529518,36.21266213834458
Villafranca de Córdoba,Villafranca de Córdoba,Córdoba,-4.546958928344226,37.959272045789774
Fuente Obejuna,Fuente Obejuna,Córdoba,-5.417405954825098,38.267119665937166
Almedinilla,Almedinilla,Córdoba,-4.0920510808171,37.440469351080864
Arenas,Arenas,Málaga,-4.044490986078109,36.815354745639205
Rambla Aljibe,El Tranco,Almería,-2.048528317854403,37.26315860988251
Tiro de Pichón,Málaga,Málaga,-4.45434794032687,36.71031187825767
Bellavista,Bellavista,Huelva,-7.000693516181337,37.27570876062243
Las Navas,Las Navas de la Concepción,Sevilla,-5.463168747370719,37.9322423310441
Oliveros,Almería,Almería,-2.4618210989008706,36.834303580798256
Las Marismillas,Marismillas,Sevilla,-5.9989176814751834,36.999154141844244
Fonelas,Fonelas,Granada,-3.1744412210545514,37.413244708663385
Cañaveral de León,Cañaveral de León,Huelva,-6.526748436076294,38.0143742857397
Villanueva del Ariscal,Villanueva del Ariscal,Sevilla,-6.137409799284837,37.395989318013804
Cariatiz (Los Alias),Los Alías,Almería,-2.08884266310033,37.14525820258399
Faraján,Faraján,Málaga,-5.188636478055705,36.61674525532008
Cambil Don Eufrasio Martínez Galiano,Cambil,Jaén,-3.5657944373204824,37.67625606070325
LLano del Espinar,Llano del Espinar,Córdoba,-4.5243421204500835,37.56375433914442
Alfornón,Alfornón,Granada,-3.2774720409042604,36.81810945761183
Limones,Limones,Granada,-3.7819491412580764,37.38283165759551
Puerto Moral,Puerto Moral,Huelva,-6.479902649996882,37.891267089578896
Escacena del Campo,Escacena del Campo,Huelva,-6.388510395435561,37.40723744262774
El Mirador,San José de la Rinconada,Sevilla,-5.941028392448191,37.49193730058018
Mojácar Playa,Vista de los Ángeles-Rumina,Almería,-1.8308046650785028,37.13805431616513
Tolox,Tolox,Málaga,-4.905672408385744,36.685503015076634
Albayda La Cruz,Granada,Granada,-3.6176707595357516,37.19750489170651
Añora,Añora,Córdoba,-4.8961170079262,38.409945504341344
Picena,Picena,Granada,-3.0059945861606314,37.00030071743302
Instinción,Instinción,Almería,-2.659918969472716,36.99298083174814
Doña Rama,Doña Rama,Córdoba,-5.272615992458515,38.22134291835438
Bailén,Bailén,Jaén,-3.7786110880779473,38.10086554973862
Villaralto,Villaralto,Córdoba,-4.983998910507685,38.45452622600057
Santa María de Nieva,Santa María de Nieva,Almería,-1.9888979233283008,37.46296385206713
Gibalbín,Gibalbín,Cádiz,-5.921050948240924,36.83053225844153
San Luis de Sabinillas,San Luis de Sabinillas,Málaga,-5.225524621779914,36.369085325389776
La Isleta del Moro,Isleta del Moro,Almería,-2.0519908789730765,36.81399844651699
Aguadulce,Aguadulce,Almería,-2.5686657694857087,36.815610572238974
Gorafe,Gorafe,Granada,-3.0415075965325316,37.478720599762696
Serrato,Serrato,Málaga,-4.9815249141020805,36.88759045339462
Albox,Albox,Almería,-2.1413173407181865,37.39224560561866
Melicena,Melicena,Granada,-3.236533541325789,36.753100479171664
Utrera-Norte Príncipe de Asturias,Utrera,Sevilla,-5.78001280265715,37.18991122498268
Abla,Abla,Almería,-2.7750935738362696,37.14391751815915
San Telmo,San Telmo,Huelva,-6.968314195789576,37.79569223107814
Campo las Beatas,Alcalá de Guadaíra,Sevilla,-5.8526416989448595,37.328176169698615
Benaocaz,Benaocaz,Cádiz,-5.420764111966042,36.69898691702086
La Guijarrosa,La Guijarrosa,Córdoba,-4.862061884304923,37.63633277013073
Mairena del Aljarafe Ciudad Expo,Mairena del Aljarafe,Sevilla,-6.049816214347898,37.349622739872714
Jauja,Jauja,Córdoba,-4.656274752625415,37.303658791891735
Torrecampo,Torrecampo,Córdoba,-4.6774652059613855,38.47556094726779
Estación Linares-Baeza,Estación Linares-Baeza,Jaén,-3.5886816307127907,38.07208230823487
Robledo,El Robledo,Jaén,-2.687119605355064,38.25147532667089
Gor,Gor,Granada,-2.971279433789633,37.36968660498974
Santa Ana la Real,Santa Ana la Real,Huelva,-6.724723936671088,37.86591012669523
El Portal,El Portal,Cádiz,-6.1323996033443855,36.63851505971027
Bédar,Bédar,Almería,-1.981860206596831,37.18977740370899
Benalúa de Guadix,Benalúa,Granada,-3.1653179699229343,37.34817815704874
Isla Redonda,Isla Redonda la Aceñuela,Sevilla,-4.881220104226279,37.44980807712769
Trujillos,Trujillos,Granada,-3.7949558665273537,37.457414775821846
Sanlúcar la Mayor,Sanlúcar la Mayor,Sevilla,-6.209225698550682,37.38970025553165
La Mamola,La Mamola,Granada,-3.275593332274042,36.74777158604058
La Herradura,La Herradura,Granada,-3.741662374298077,36.73434402918114
El Granado,El Granado,Huelva,-7.416992161304904,37.52009829397726
Mengíbar Dr Manuel Polaina Bailón,Mengíbar,Jaén,-3.8126619996645177,37.9699210003073
Vega de Acá,Almería,Almería,-2.4366295502997675,36.82516528901432
Berja,Berja,Almería,-2.946054936469303,36.840878800195796
Balanegra,Balanegra,Almería,-2.906744530977429,36.74867657206982
Los Molares,Los Molares,Sevilla,-5.719354127576214,37.15548966152992
Navas de San Juan,Navas de San Juan,Jaén,-3.3186405591079993,38.18284967781193
El Higueral,El Higueral,Córdoba,-4.253304909430415,37.3177807965326
Minas de Concepción,Mina Concepción,Huelva,-6.67458831732032,37.77673220600481
Hinojosa del Duque,Hinojosa del Duque,Córdoba,-5.1416958637565,38.49485538793734
Castellar de la Frontera,Castellar de la Frontera,Cádiz,-5.421437831744821,36.28604483900058
Barriada de Santiago (Baza),Baza,Granada,-2.770580055058437,37.48924945887182
Zaidín Centro-Este,Granada,Granada,-3.5999670145005345,37.161052331013124
Buenavista,Buenavista,Granada,-3.988039069098028,37.10615494191933
Pontones,Pontones,Jaén,-2.670660226830005,38.11847408714453
Campamento,Campamento,Cádiz,-5.3785893275232315,36.17814043258636
Montellano,Montellano,Sevilla,-5.570865527208022,36.99181411566544
Dehesas Viejas,Dehesas Viejas,Granada,-3.5517237692997323,37.472728788562364
Villablanca,Villablanca,Huelva,-7.34231012513682,37.303709945892756
Mancha Real,Mancha Real,Jaén,-3.6062180004379853,37.78214791683515
Los Barrios,Los Barrios,Cádiz,-5.492885759116243,36.18260787933838
Colonia Santa Inés-Teatinos,Málaga,Málaga,-4.466516009364368,36.72210810956023
Almegíjar,Almegíjar,Granada,-3.300082757769612,36.90172705033525
Coto Rios,Coto-Rios,Jaén,-2.848974735702264,38.046552585730176
Santa Cruz,Santa Cruz de Marchena,Almería,-2.602386321564419,37.01613202427974
Belerda,Belerda,Granada,-3.212751106481346,37.371417402807836
Maracena,Maracena,Granada,-3.643750465256665,37.20852145576719
Trigueros,Trigueros,Huelva,-6.8320248990799834,37.383424786633604
Charilla,Charilla,Jaén,-3.906603611173363,37.495080470321874
Rota,Rota,Cádiz,-6.362128032855155,36.62201761657602
Aguilar,Aguilar de la Frontera,Córdoba,-4.654146790794386,37.51574371787712
Torre Alháquime,Torre Alháquime,Cádiz,-5.235467018930956,36.91614478521055
Carcabuey,Carcabuey,Córdoba,-4.276461706873247,37.44267265619099
La Roda de Andalucía,La Roda de Andalucía,Sevilla,-4.779255457697915,37.202550572863565
Hinojares,Hinojares,Jaén,-2.9995009999148983,37.71479799973633
Las Cabezas de San Juan,Las Cabezas de San Juan,Sevilla,-5.940595793044582,36.98240406716558
Peal de Becerro,Peal de Becerro,Jaén,-3.1184452928780644,37.91158094857989
Gran Capitán,Granada,Granada,-3.6045441329302887,37.17854926995925
El Castillo,Almuñécar,Granada,-3.691004282639306,36.73220381577781
Hortichuelas,Consultorio de Las Hortichuelas,Almería,-2.0292800000194906,36.8728000007911
Cumbres de Enmedio,Cumbres de Enmedio,Huelva,-6.692864759085483,38.072622885823996
Adamuz,Adamuz,Córdoba,-4.521318345263143,38.02646142206187
Iznatoraf,Iznatoraf,Jaén,-3.032430635412285,38.155284981764986
Acula,Ácula,Granada,-3.8099594639260492,37.08260155404799
Arboleas,Arboleas,Almería,-2.074132130712987,37.35200531718458
Taberno,Taberno,Almería,-2.0783682621369857,37.46688937832449
San Andrés-Torcal,Málaga,Málaga,-4.446397186465551,36.70104035531311
Fuentezuelas,Jaén,Jaén,-3.8127442933608298,37.782832463494145
Ferreirola,Ferreirola,Granada,-3.3132039994865474,36.92966999934643
El Colmenar,Estación de Gaucín-El Colmenar,Málaga,-5.387875271357653,36.540518058373706
Alquife,Centro de Salud Alquife-Marquesado,Granada,-3.1076544111357345,37.18025459337498
Villanueva de Algaidas,Villanueva de Algaidas,Málaga,-4.447882742885116,37.18315244977449
Almogía,Almogía,Málaga,-4.538896175553628,36.825093203788704
Torremelgarejo,Torre Melgarejo,Cádiz,-6.031197667300322,36.71582430187105
Prado del Rey,Prado del Rey,Cádiz,-5.555054120452497,36.79081645934596
El Pelayo,El Pelayo,Cádiz,-5.498804863792977,36.080942398937474
Alfarnatejo,Alfarnatejo,Málaga,-4.2722870900985574,36.98020269477001
Puente Genil José Gallego Arroba,Puente Genil,Córdoba,-4.7690871699774355,37.39196863941493
El Higuerón (traslado provisional),El Higuerón,Córdoba,-4.853383039927302,37.868598669115585
Sanlúcar  de Guadiana,Sanlúcar de Guadiana,Huelva,-7.467350589024467,37.47321650655141
Pújerra,Pujerra,Málaga,-5.150168489644789,36.61247106797263
Loreto,Loreto,Granada,-3.957010332587178,37.18631338663781
El Porvenir,Sevilla,Sevilla,-5.981443837157379,37.372405235814206
Jódar Doctor Ricardo Fernández Valades,Jódar,Jaén,-3.348278999801165,37.838713000037295
Santa Eulalia,Santa Eulalia,Jaén,-3.38440299910828,38.06539499972811
Esperanza Macarena,Sevilla,Sevilla,-5.9836304955392,37.3943249345084
Chercos,Chercos Nuevo,Almería,-2.2571216965028387,37.26663692834635
Mijas Pueblo,Mijas,Málaga,-4.637854704473955,36.596982125615135
Larva,Larva,Jaén,-3.203881999378947,37.76001499978079
Huelma,Huelma,Jaén,-3.455942899036935,37.64775891960105
Sector Sur (Santa Victoria),Córdoba,Córdoba,-4.780011876357427,37.868234180694955
Don Pedro,Don Pedro,Jaén,-3.019448208221278,37.76466251849666
Purchil,Purchil,Granada,-3.665368832157326,37.17211951396837
Montecorto,Montecorto,Málaga,-5.295618967196103,36.81311704262594
Almadén de la Plata,Almadén de la Plata,Sevilla,-6.084397470952848,37.874125987539976
Torreblascopedro,Torreblascopedro,Jaén,-3.6357247391345306,37.99632393061122
Puerto Serrano,Puerto Serrano,Cádiz,-5.539625576700059,36.92111895412379
El Marchal,El Marchal,Almería,-2.024269703595677,37.21484515188947
Vejer de la Frontera Virgen de la Oliva,Vejer de la Frontera,Cádiz,-5.966920219001963,36.24871672377471
Cartuja,Granada,Granada,-3.6087750909740537,37.20769791899586
El Carambolo,Barriada el Carambolo,Sevilla,-6.038047158477024,37.390178232239776
Ventas del Carrizal,Ventas del Carrizal,Jaén,-3.9941126298428515,37.540569676294865
Arenas del Rey,Arenas del Rey,Granada,-3.8945642918640364,36.95794026980769
Casa del Mar,El Puerto de Santa María,Cádiz,-6.229591637356348,36.59106722387583
Pórtugos,Pórtugos,Granada,-3.3096128647076544,36.94107037046867
San Benito,Jerez de la Frontera,Cádiz,-6.139796852285186,36.699426912680714
Alozaina,Alozaina,Málaga,-4.8662329346442705,36.73025950164314
Agua Amarga,Agua Amarga,Almería,-1.9343346962900072,36.93948867871243
Castillo de Locubín,Castillo de Locubín,Jaén,-3.943656228441706,37.527238201616676
Escoznar,Escóznar,Granada,-3.8456300776711116,37.23756010028872
La Cimada-Los Prados,Los Prados,Málaga,-5.1343299527830855,36.824945858311885
Alosno,Alosno,Huelva,-7.114492014939297,37.54921609714881
San Bartolomé de la Torre,San Bartolomé de la Torre,Huelva,-7.108165185978673,37.44865730389886
San Ignacio del Viar,San Ignacio del Viar,Sevilla,-5.995756894798932,37.5467331426722
La Carlota,La Carlota,Córdoba,-4.933374932144208,37.66805687700368
Acequias,Acequias,Granada,-3.5379309300376938,36.96681005779747
Carboneras El Lometico,Carboneras,Almería,-1.8978262566305866,36.998187925911736
San Nicolás del Puerto,San Nicolás del Puerto,Sevilla,-5.652759456782471,37.99360009040688
Génave,Génave,Jaén,-2.7325908224429902,38.430730154972544
Rioja,Rioja,Almería,-2.462458339521883,36.94412639507158
Peñolite,Peñolite,Jaén,-2.797584835410616,38.324571384935794
Moriles,Moriles,Córdoba,-4.610201498101399,37.43691275375652
Graena,Graena,Granada,-3.2188305122028296,37.30354213619616
Caniles,Caniles,Granada,-2.723696000102484,37.43739200053585
La Caleruela,La Caleruela,Jaén,-3.096135053235074,38.04243860067632
Darro,Darro,Granada,-3.2907945874249984,37.34931238565539
Bayarque,Bayarque,Almería,-2.4367296580786113,37.33105962109219
La Mela,La Mela,Almería,-2.1074922824699835,37.16503472693712
Castillo Tajarja,Castillo de Tajarja,Granada,-3.8759817422689866,37.115951365450826
Alcolea del Rio,Alcolea del Río,Sevilla,-5.666719864822291,37.61325425152729
Alamillo,Sevilla,Sevilla,-5.984726752171619,37.412886650561454
Purchena,Purchena,Almería,-2.3600124022132465,37.34832861868035
Estepa,Estepa,Sevilla,-4.8795684258347976,37.296139530534255
Los Laneros,Los Laneros,Granada,-2.795032611502089,37.703885096391126
La Rábita,La Rábita,Granada,-3.1701902486928555,36.74932317267286
Lanjarón,Lanjarón,Granada,-3.481815490418544,36.918414994186676
Poblado de San Julián,Poblado San Julián,Jaén,-4.207240407523863,38.00884925875756
Zagra,Zagra,Granada,-4.168713632136274,37.25441997524989
Monte Lope-Álvarez,Monte Lope-Álvarez,Jaén,-4.110393583113551,37.70428036992351
Los Marinos,Almuñécar,Granada,-3.7032658130368463,36.73882519029721
El Carpio,El Carpio,Córdoba,-4.49877914348246,37.94371664564514
Vegas de Triana,Vegas de Triana,Jaén,-4.05667600041138,38.01750800065036
La Lantejuela,Lantejuela,Sevilla,-5.2251837659639,37.354481497159085
Tablones,Los Tablones,Granada,-3.399163577968731,36.8838130746506
Alcudia,Alcudia de Guadix,Granada,-3.098879580565801,37.25840074643882
Campo Cámara,Campo Cámara,Granada,-2.860094576144311,37.736607515369066
Santa Rosa,Córdoba,Córdoba,-4.780527999385213,37.89668700029138
Fuente Carreteros,Fuente Carreteros,Córdoba,-5.153862410480974,37.670513800081366
Vera,Vera,Almería,-1.8650305013543929,37.24765020324321
Felix,Felix,Almería,-2.6568875927722595,36.86809140159045
El Viso,El Viso,Córdoba,-4.957070944543776,38.48656838095799
Rincón de la Victoria,Rincón de la Victoria,Málaga,-4.286002346925692,36.71531840902176
Pampanico,Pampanico,Almería,-2.8324552551757147,36.78174936284914
Barrio Monachil,Barrio de la Vega,Granada,-3.558292791021711,37.13348104285093
Alto la Mesa,Alto de la Mesa,Huelva,-6.588826626019014,37.69577114335409
Campotéjar,Campotéjar,Granada,-3.6155084214864703,37.48290491592052
Ojuelos Altos,Ojuelos Altos,Córdoba,-5.356202193473108,38.18182583643458
Cueva del Pájaro,La Cueva del Pájaro,Almería,-1.953675763826157,37.034823893838514
Guadalquivir,Córdoba,Córdoba,-4.778969999428752,37.86120000051025
Maro,Maro,Málaga,-3.8432567381759832,36.75901690664998
Ricardo Soriano,Marbella,Málaga,-4.898843727764406,36.51016782251952
Peñuelas,Peñuelas,Granada,-3.85817834639494,37.173920548068686
Alájar,Alájar,Huelva,-6.661518937780212,37.87559982943008
Villaharta,Villaharta,Córdoba,-4.90118205145947,38.138813634282094
Cabra Matrona Antonia Mesa Fernández,Cabra,Córdoba,-4.43901878077707,37.472283131655395
La Línea Levante,La Línea de la Concepción,Cádiz,-5.337465306203564,36.1792373369011
Alcolea,Alcolea,Córdoba,-4.674053555336023,37.93269876365684
Rute,Rute,Córdoba,-4.371880660551344,37.327593445274026
Tózar,Tózar,Granada,-3.77733964476567,37.36937950276035
Salar,Salar,Granada,-4.066605935960904,37.148105904019246
Fuenteheridos,Fuenteheridos,Huelva,-6.662445641704386,37.90501831261324
Tahivilla,Tahivilla,Cádiz,-5.757613394571206,36.18407928802477
Bornos Pediatra Ana Martínez Rubio,Bornos,Cádiz,-5.745558086310123,36.818030290501554
Santa Elena,Santa Elena,Jaén,-3.5393667599532947,38.3427574857663
Canjáyar,Canjáyar,Almería,-2.739004294222765,37.008914661616174
Ermita Nueva,Ermita Nueva,Jaén,-3.8672210690939917,37.40572513782287
El Parador,El Parador de las Hortichuelas,Almería,-2.60037964142134,36.80605936235567
Torrenueva,Torrenueva Costa,Granada,-3.492367103430827,36.70579766823275
Cuenca,Cuenca,Córdoba,-5.560812463436413,38.32311566768956
Laborcillas,Laborcillas,Granada,-3.291230288109452,37.45298357099273
Campohermoso,Campohermoso,Almería,-2.133999378000974,36.93608265091354
La Envía,La Envía,Almería,-2.611351698887967,36.835343522206834
Almodóvar del Rio,Almodóvar del Río,Córdoba,-5.017187959137903,37.814614237161535
Padules,Padules,Almería,-2.774363112882015,36.998910832469605
Monturque,Monturque,Córdoba,-4.582777247435783,37.470765386096524
Terreros,San Juan de Terreros,Almería,-1.666073923216072,37.36095170009726
Puerta de Tierra,Cádiz,Cádiz,-6.278351297466872,36.5137263634133
Carranque,Málaga,Málaga,-4.441983220156848,36.71704275617862
Arriate,Arriate,Málaga,-5.138094825073201,36.79835700028167
Jayena,Jayena,Granada,-3.824686773402329,36.94899806195067
Almerimar,Almerimar,Almería,-2.7844535502767864,36.69425517596887
El Arroyo,Chipiona,Cádiz,-6.4339035846192285,36.73109907867531
Cerro Cauro,Cauro,Granada,-3.7334023522472304,37.40818951493269
Quéntar,Quéntar,Granada,-3.4666221477682857,37.192122324909256
Santa Bárbara de Casa,Santa Bárbara de Casa,Huelva,-7.188749273963873,37.79659549607239
Caleta-La Guardia,La Caleta-Guardia,Granada,-3.6005527939860036,36.74643771303212
Moreda,Moreda,Granada,-3.330702645674365,37.43836247815916
Marchal,Marchal,Granada,-3.202436088630628,37.296403884065185
Jatar,Játar,Granada,-3.912168827342079,36.935631642269755
Cortegana,Cortegana,Huelva,-6.826317568512476,37.90587760031446
Aznalcóllar,Aznalcóllar,Sevilla,-6.269859324772903,37.52258359418942
Tarifa,Tarifa,Cádiz,-5.604298397119731,36.014243469185054
Carchuna,Carchuna,Granada,-3.4449498869986463,36.70294472557659
El Ejido,El Ejido,Almería,-2.8224891636908955,36.77413755282632
Bellavista,Cájar,Granada,-3.5690539137452078,37.12620055688745
Lucano,Córdoba,Córdoba,-4.775076690265633,37.88045293858147
Casariche,Casariche,Sevilla,-4.763364287177472,37.28933941965809
El Margen,El Margen,Granada,-2.5659189558454867,37.6418574151462
Venta del Peral,Venta del Peral,Granada,-2.6078720496168977,37.555288445416
La Caleta,Granada,Granada,-3.6122099178553095,37.18739421369553
Olula del Rio,Olula del Río,Almería,-2.3038922226826046,37.35881629252914
Occidente Azahara,Córdoba,Córdoba,-4.8206318347213335,37.87885994639756
Las Portadas,Dos Hermanas,Sevilla,-5.935550807231418,37.27041286429618
Lupión,Lupión,Jaén,-3.5454579995853566,37.99674799991574
Ferreira,Ferreira,Granada,-3.0356845648646655,37.17322943868025
Peligros,Peligros,Granada,-3.6258249831430147,37.230365271381395
Campillo de Arenas,Campillo de Arenas,Jaén,-3.6351559998831484,37.55535000030449
Carlinda,Málaga,Málaga,-4.447644260172554,36.73088561592119
Pitres,Pitres,Granada,-3.3263278479465055,36.93578918315825
El Greco,Sevilla,Sevilla,-5.967493023392079,37.39022406788301
Mecina Fondales,Mecina,Granada,-3.3235044371641824,36.928389542189166
Lobras,Lobras,Granada,-3.2130020287524466,36.929963008363124
La Muela de Vejer,La Muela,Cádiz,-5.985151339539026,36.27177874598215
Estación de Archidona,Estación de Archidona,Málaga,-4.423220151923952,37.133633340513256
Palmones,Palmones,Cádiz,-5.4400652261252676,36.17645303093918
Salobreña,Salobreña,Granada,-3.586816687596015,36.74595966016604
Linares A Virgen de Linarejos,Linares,Jaén,-3.6364271964175705,38.098317675743594
Humilladero,Humilladero,Málaga,-4.697508115333301,37.11371620094199
Benamahoma,Benamahoma,Cádiz,-5.466960249075914,36.764777525599975
Rambla de Oria,La Ermita,Almería,-2.2183167782027318,37.467976488768336
Cantarranas,Cantarranas,Cádiz,-5.885049158917263,36.315645562149044
Barriada el Naranjo,Córdoba,Córdoba,-4.779294999718512,37.9100969997535
Pulpí,Pulpí,Almería,-1.743919073619305,37.41357181368485
Pantano los Bermejales,Pantano de los Bermejales,Granada,-3.88950781174597,36.99929726762979
La Rambla médico Antonio Cano Calatrava,La Rambla,Córdoba,-4.737756205252809,37.610051022934705
Murtas,Murtas,Granada,-3.108002037113793,36.88747544491749
Alcolea,Alcolea,Almería,-2.9622272551745326,36.97046090329423
Chilches,Chilches,Málaga,-4.223963523593455,36.726695439707285
Carratraca,Carratraca,Málaga,-4.818725519095315,36.85105398756023
Armilla,Armilla,Granada,-3.6239669038508944,37.14164848655938
Hornachuelos,Hornachuelos,Córdoba,-5.249047765027698,37.83030627812016
Las Chapas,Elviria,Málaga,-4.78068148027007,36.49695988806332
Mogón,Mogón,Jaén,-3.03149758574698,38.075636235091814
Gibraleón,Gibraleón,Huelva,-6.96397371789525,37.375741791338044
San José del Valle,San José del Valle,Cádiz,-5.799925901076709,36.60515192800186
Belmez,Belmez,Córdoba,-5.2083837757752605,38.269202528681326
Santa Cruz,Santa Cruz,Córdoba,-4.6312209641735125,37.7340986545139
La Peza,La Peza,Granada,-3.2844282766115045,37.277247489264894
Láchar,Láchar,Granada,-3.829157098151881,37.19411098907843
Huerta de la Reina,Córdoba,Córdoba,-4.783722551346325,37.89402502670985
Molino de la Vega,Huelva,Huelva,-6.956614968143438,37.264434397347664
Cuevas de los Medinas,Cuevas de los Medinas,Almería,-2.2795824879611866,36.89395319639583
Ventas de Zafarraya,Ventas de Zafarraya,Granada,-4.120770852219813,36.95712464207406
Algaida,La Algaida,Cádiz,-6.318891509542082,36.83138197893999
Fuente de la Higuera,La Fuente de la Higuera,Almería,-2.2359952074921856,37.168268339031215
La Bajadilla,Algeciras,Cádiz,-5.456309916782032,36.131845076572695
Láujar de Andarax,Láujar de Andarax,Almería,-2.8994652892374213,36.99338149913534
Fuente-Tójar,Fuente-Tójar,Córdoba,-4.14629358250772,37.51051307934195
Paulenca,Paulenca,Granada,-3.1689597501291873,37.29361743459307
Ibros,Ibros,Jaén,-3.5049804043387245,38.02172062725543
Portada Alta,Málaga,Málaga,-4.454834464358485,36.71831427736527
Cuevas de Almanzora,Cuevas del Almanzora,Almería,-1.8745232539173633,37.29404372340956
Cazalla de la Sierra,Cazalla de la Sierra,Sevilla,-5.7588082095519235,37.933603482218864
Bracana,Brácana,Granada,-3.944773041486161,37.22852382503901
Moguer,Moguer,Huelva,-6.8395312481239605,37.27430510016218
Jorairatar,Jorairátar,Granada,-3.1085278384881465,36.92743380563245
Punta del Moral,Isla del Moral,Huelva,-7.3423189138307565,37.18860589293088
Otura,Villa de Otura,Granada,-3.635592148934774,37.09140454463148
Trevélez,Trevélez,Granada,-3.2664857470739963,37.00032204464394
Puebla de Don Fadrique,Puebla de Don Fadrique,Granada,-2.436606719798625,37.95801978869217
Níjar,Níjar,Almería,-2.2076038970001757,36.96389107415217
Camas,Camas,Sevilla,-6.035594140384909,37.40496209339347
Montoro,Montoro,Córdoba,-4.382313431330139,38.0160971898362
El Castillo de las Guardas,El Castillo de las Guardas,Sevilla,-6.315264712903586,37.69159077554192
El Berrocal,Berrocal,Huelva,-6.541321396967605,37.60699132464992
Ohanes,Ohanes,Almería,-2.746500635119911,37.03843636495666
La Gangosa,La Gangosa,Almería,-2.6238203883931406,36.80690319908056
Galera,Galera,Granada,-2.5526129720842237,37.74192430775557
Teba,Teba,Málaga,-4.920330444955257,36.984531750612085
Algatocín,Algatocín,Málaga,-5.276566067268524,36.573374540317694
Doña Mencía,Doña Mencía,Córdoba,-4.35728223025593,37.55194827705156
El Chive,El Chive,Almería,-2.072554455786877,37.17782856675854
El Puntalón,Puntalón,Granada,-3.480115949771679,36.72945812453086
Guadajoz,Guadajoz,Sevilla,-5.668213104070968,37.58010532570134
Chiclana - El Lugar,Chiclana de la Frontera,Cádiz,-6.151914910092164,36.41872493474418
El Villar,El Villar,Huelva,-6.738982910131521,37.69371882654964
Mecina Bombarón,Mecina Bombarón,Granada,-3.1556209201506578,36.98075497103132
Alborán,Almería,Almería,-2.4484332153240884,36.834807392632584
Las Flores,Granada,Granada,-3.6049199995842334,37.16740000087452
Guarromán,Guarromán,Jaén,-3.6887790315341746,38.18161743272068
Alcázar,Alcázar,Granada,-3.3394005558991315,36.8493396640572
La Granja Dr. Manuel Blanco,Jerez de la Frontera,Cádiz,-6.105861410094641,36.69716726925883
Mallén,Sevilla,Sevilla,-5.973717169565954,37.38789557497376
Piconcillo,Piconcillo,Córdoba,-5.46562679118035,38.17584591447981
Nueva Málaga,Málaga,Málaga,-4.444259055448304,36.72568729467209
Aznalcázar Matrona Dª Isabel Virosta Clemente,Aznalcázar,Sevilla,-6.248061203232794,37.303952800662806
Huertas del Río,Cortijo Viejo de la Vega,Málaga,-4.441841532123111,37.078910938679115
Benamargosa,Benamargosa,Málaga,-4.192399860867829,36.8326575502376
San Isidro,San Isidro de Níjar,Almería,-2.174690367270982,36.9156448927492
Puebla de Guzmán,Puebla de Guzmán,Huelva,-7.24600999053152,37.61196036479485
La Dehesilla,Sanlúcar de Barrameda,Cádiz,-6.353216278573623,36.76715959858464
Cumbres Mayores,Cumbres Mayores,Huelva,-6.641312495521411,38.059408473566336
Cáñar,Cáñar,Granada,-3.428265187640924,36.925748969086264
Casines,Puerto Real,Cádiz,-6.175833914502305,36.52419512833199
Montemayor,Montemayor,Córdoba,-4.700926511080081,37.64792584662746
El Ronquillo,El Ronquillo,Sevilla,-6.174700442742325,37.72588064956363
Montejícar,Montejícar,Granada,-3.5050455444226722,37.572128188753425
Casares,Casares,Málaga,-5.274441387170986,36.44691293184457
El Cañuelo,El Cañuelo,Córdoba,-4.1622704017152525,37.508454276281924
Alicún,Alicún,Almería,-2.6022584052729734,36.96638836236361
Pizarra,Pizarra,Málaga,-4.706923339148442,36.7675648244282
Las Veredas,Las Veredas,Huelva,-6.830284355893069,37.88421619850123
Árchez,Árchez,Málaga,-3.9908599381930463,36.838433479022754
Punta Umbría,Punta Umbría,Huelva,-6.96757858204314,37.1821082988771
Guadalcacín,Guadalcacín,Cádiz,-6.088993988528866,36.7153331655201
Motril-Este,Motril,Granada,-3.5140699179196306,36.74617246785374
Doctores Dr. Salvador Caballero García,Granada,Granada,-3.6095815671675227,37.18910598277878
Vados de Torralba,Vados de Torralba,Jaén,-3.64012413985373,37.942642632791866
Palos de la Frontera,Palos de la Frontera,Huelva,-6.895258290585457,37.22424364374357
El Morche,El Morche,Málaga,-3.9904558401188934,36.73798634651316
El Chaparral,El Chaparral,Granada,-3.658065660892791,37.25614678100791
Paterna de Rivera Gonzalo Pérez Fabra,Paterna de Rivera,Cádiz,-5.863812508425189,36.52115635442567
Benalauría,Benalauría,Málaga,-5.2612539502342495,36.59395945994303
Alcalá del Rio,Alcalá del Río,Sevilla,-5.981698361929474,37.518302832866524
Bedmar,Bedmar,Jaén,-3.413350312335335,37.82142006445428
Fondón,Fondón,Almería,-2.8614936083142357,36.98056509064887
Balerma,Balerma,Almería,-2.8849435054372026,36.73314731320213
Ciudad Jardín,Almería,Almería,-2.4531994720929973,36.83179882869883
Víznar,Víznar,Granada,-3.553747405043351,37.231425803032096
Montequinto,Quinto,Sevilla,-5.932345027254666,37.34053791705331
Puerto Real,Puerto Real,Cádiz,-6.18975473806349,36.52629414679401
Jerez La Milagrosa,Jerez de la Frontera,Cádiz,-6.100430096363752,36.68621195011745
La Curva,La Curva,Almería,-2.9795492272647843,36.75999365341713
Almonte,Almonte,Huelva,-6.524077367232956,37.25918632306282
Cártama-Estación,Estación,Málaga,-4.612990055975913,36.73563325500134
La Merced,Cádiz,Cádiz,-6.29196858438893,36.52894557061179
Cacín,Cacín,Granada,-3.917215827111323,37.059730544784436
Jerez Centro,Jerez de la Frontera,Cádiz,-6.139800503891506,36.6831896509887
Marinaleda,Marinaleda,Sevilla,-4.9618406883381505,37.37027150381868
Cogollos Vega,Cogollos de la Vega,Granada,-3.5731929023034112,37.27548213622188
Sierra Nevada,Sierra Nevada,Granada,-3.3990862189351594,37.09287818285603
El Pocico,El Pocico,Almería,-2.0434723270721995,37.23744849447853
Guadalcanal,Guadalcanal,Sevilla,-5.821752003518991,38.09226525373344
Maruanas,Maruanas,Córdoba,-4.469868290337747,37.9353683390841
Torre de Benagalbón,Torre de Benagalbón,Málaga,-4.241976720684295,36.712596404525165
Estación de Espeluy,Estación de Espeluy,Jaén,-3.8376770327651344,38.01182999662693
Rosal de la Frontera,Rosal de la Frontera,Huelva,-7.221009246850284,37.96763842674376
Peñaflor,Peñaflor,Sevilla,-5.34189858244737,37.70791040001058
Villanueva de los Castillejos,Villanueva de los Castillejos,Huelva,-7.2684712075051,37.501656022081825
Las Lagunillas,Las Lagunillas,Córdoba,-4.248921460404005,37.355953742833904
Levante Sur Dr. Manuel Barragán Solís,Córdoba,Córdoba,-4.765305453359024,37.892480242545034
Rodríguez Arias,San Fernando,Cádiz,-6.199226002805238,36.461670312464726
Cueva de la Mora,Cueva de la Mora,Huelva,-6.802878651336793,37.77956124306546
Yunquera,Yunquera,Málaga,-4.918394446469463,36.7341358613043
Oria,Oria,Almería,-2.2951197984719607,37.48536071528073
Pueblo Blanco,Pueblo Blanco,Almería,-2.133628803033232,36.91047526850728
Los Marines,Los Marines,Huelva,-6.623061530130154,37.90224588938031
Puebla de Vícar,Puebla de Vícar,Almería,-2.6467653091432655,36.799433619247345
Chirivel,Chirivel,Almería,-2.2678247225016266,37.594502983459506
Azuel,Azuel,Córdoba,-4.329435233042546,38.32500079736496
Tocina,Tocina,Sevilla,-5.733230146018512,37.609954457785136
Casa del Mar Almería,Almería,Almería,-2.4801546582483813,36.83734253642317
Belalcázar,Belalcázar,Córdoba,-5.168318000045777,38.574541999851185
Los Barrios Este,Los Barrios,Cádiz,-5.4812289782271035,36.17996671607052
Virgen de la Capilla,Jaén,Jaén,-3.7894638446581768,37.7711601194376
Nerva,Nerva,Huelva,-6.541099746020368,37.69248400643407
El Palmar,El Palmar,Cádiz,-6.071276304939632,36.23249437155604
Almonaster la Real,Almonaster la Real,Huelva,-6.786037472825742,37.87239476388232
Cojáyar,Cojáyar,Granada,-3.0977256794282146,36.90745631548369
Santa Fe,Santa Fe,Granada,-3.7203932213309856,37.185547942981934
