Código CCN,Código CNH,Nombre,Comunidad Autónoma,Provincia,Municipio,Dirección,Código Postal,Teléfono,Número de camas instaladas,Tipo de Centro,Dependencia Funcional,Observaciones,Concierto,Acreditación Docente
0104000314,040059,Hospital Virgen del Mar,Andalucía,Almería,Almería,Carretera Del Mami KM 1,04120,950217167,76,Hospitales Generales,Privados,,Concierto parcial,NO
0104000316,040010,Hospital Universitario Torrecardenas,Andalucía,Almería,Almería,Calle Paraje Torrecardenas S/N,04009,950016114,779,Hospitales Generales,Servicios e Institutos de Salud de Las Comunidades Autónomas,,Sin concierto.,NO
0104000320,040084,Hospital La Inmaculada,Andalucía,Almería,Huércal-Overa,Avenida Doctora Ana Parra S/N,04600,950029176,184,Hospitales Generales,Servicios e Institutos de Salud de Las Comunidades Autónomas,,Sin concierto,NO
0104000321,040118,Hospital Universitario de Poniente,Andalucía,Almería,"Ejido, El",Carretera Almerimar S/N,04700,950022500,281,Hospitales Generales,Servicios e Institutos de Salud de Las Comunidades Autónomas,,Sin concierto,SI
0104000322,040101,Hospital Mediterráneo,Andalucía,Almería,Almería,Calle Nueva Musa 8,04007,950621063,89,Hospitales Generales,Privados,,Concierto parcial,NO
0104001001,040127,Hospital de Alta Resolución El Toyo,Andalucía,Almería,Almería,Camino De La Botica S/N,04131,950158015,44,Hospitales Generales,Servicios e Institutos de Salud de Las Comunidades Autónomas,,Sin concierto.,NO
0104002838,040138,Hospital Materno Infantil,Andalucía,Almería,Almería,Calle Donantes de Sangre S/N,04700,000000000,204,Hospitales Generales,Servicios e Institutos de Salud de Las Comunidades Autónomas,,Sin concierto.,NO
0111000283,110162,Hospital General Santa Maria del Puerto,Andalucía,Cádiz,"Puerto de Santa María, El",Calle Valdés S/N,11500,956017000,238,Hospitales Generales,Privados,,Red de utilización pública (RUP),NO
0111000284,110125,Hospital San Juan Grande,Andalucía,Cádiz,Jerez de la Frontera,Glorieta Doctor Félix Rodriguez de La Fuente S/N,11408,956357300,143,Hospitales Generales,Privados,,Concierto parcial,NO
0111000285,110051,Hospital San Rafael,Andalucía,Cádiz,Cádiz,Calle Diego Arias 2,11002,956017267,280,Hospitales Generales,Privados,,Red de utilización pública (RUP),NO
0111000286,110259,Hospital Punta de Europa,Andalucía,Cádiz,Algeciras,Carretera Getares S/N,11207,956025000,270,Hospitales Generales,Servicios e Institutos de Salud de Las Comunidades Autónomas,,Sin concierto,SI
0111000289,110327,Hospital Universitario Puerta del Mar,Andalucía,Cádiz,Cádiz,Avenida Ana de Viya 21,11009,956002040,674,Hospitales Generales,Servicios e Institutos de Salud de Las Comunidades Autónomas,,Sin concierto.,NO
0111000290,110110,Hospital Universitario de Jerez de La Frontera,Andalucía,Cádiz,Jerez de la Frontera,Carretera Ronda Circunvalación S/N,11408,956032075,484,Hospitales Generales,Servicios e Institutos de Salud de Las Comunidades Autónomas,,Sin concierto,SI
0111000291,110184,Hospital Universitario de Puerto Real,Andalucía,Cádiz,Puerto Real,"Carretera Nacional Ib., Km. 665 S/N",11510,956005147,319,Hospitales Generales,Servicios e Institutos de Salud de Las Comunidades Autónomas,,Sin concierto.,NO
0111000292,110048,Hospital Nuestra Sra. de La Salud Ha S.L.,Andalucía,Cádiz,Cádiz,Calle Feduchy 8-14,11001,956225301,58,Hospitales Generales,Privados,,Sin concierto,NO
0111000293,110218,Hospital Virgen de Las Montañas,Andalucía,Cádiz,Villamartín,Avenida Ambulatorio S/N,11650,956041000,108,Hospitales Generales,Privados,,Red de utilización pública (RUP),NO
0111000294,110223,Hospital Virgen del Camino,Andalucía,Cádiz,Sanlúcar de Barrameda,"Carretera Sanlúcar-Chipiona, S/N S/N",11540,956048068,118,Hospitales Generales,Privados,,Red de utilización pública (RUP),NO
0111000295,110239,Hospital Jerez Puerta del Sur,Andalucía,Cádiz,Jerez de la Frontera,Avenida Puerta del Sur S/N,11408,956357100,98,Hospitales Generales,Privados,,Sin concierto,NO
0111000297,110103,Clínica Los Álamos,Andalucía,Cádiz,Jerez de la Frontera,Avenida Tamarix 4,11407,956182244,15,Hospitales Generales,Privados,,Sin concierto,NO
0111000300,110260,Hospital Viamed Novo Sancti Petri,Andalucía,Cádiz,Chiclana de la Frontera,"Avenida Octavio Augusto, S/N S/N",11139,956495000,37,Hospitales Generales,Privados,,Concierto parcial,NO
0111000411,110248,Hospital Viamed Bahía de Cádiz,Andalucía,Cádiz,Chiclana de la Frontera,Calle Ayala 2,11130,956533333,46,Hospitales Generales,Privados,,Concierto parcial,NO
0111002394,110282,Hospital Quirón Campo de Gibraltar,Andalucía,Cádiz,"Barrios, Los",Calle Arttysur - P. E. T. Las Marismas de Palmones S/N,11379,956798301,77,Hospitales Generales,Privados,,Concierto parcial,NO
0111004317,110316,Hospital de La Línea de La Concepción,Andalucía,Cádiz,"Línea de la Concepción, La","Ronda Norte, Esquina C/ Gabriel Mirã³ S/N",11300,956026500,243,Hospitales Generales,Servicios e Institutos de Salud de Las Comunidades Autónomas,,Sin concierto,SI
0111004473,110305,Hospital San Carlos de San Fernando,Andalucía,Cádiz,San Fernando,Paseo Capitán Conforto S/N,11100,956002100,66,Hospitales Generales,Servicios e Institutos de Salud de Las Comunidades Autónomas,,Sin concierto.,NO
0111004486,110213,Hospital de Alta Resolución de Especialidades de La Janda,Andalucía,Cádiz,Vejer de la Frontera,Polígono 53 Parcela 72 S/N,11150,955018063,24,Hospitales Generales,Servicios e Institutos de Salud de Las Comunidades Autónomas,,Sin concierto.,NO
0114000529,140116,Hospital Infanta Margarita,Andalucía,Córdoba,Cabra,Avenida Góngora S/N,14940,957021300,232,Hospitales Generales,Servicios e Institutos de Salud de Las Comunidades Autónomas,,Sin concierto.,NO
0114000530,140230,Hospital Universitario Reina Sofia,Andalucía,Córdoba,Córdoba,Avenida Menéndez Pidal S/N,14004,957010380,607,Hospitales Generales,Servicios e Institutos de Salud de Las Comunidades Autónomas,,Sin concierto.,NO
0114000531,140060,Hospital Provincial,Andalucía,Córdoba,Córdoba,Avenida Menéndez Pidal S/N,14004,957011604,389,Hospitales Generales,Servicios e Institutos de Salud de Las Comunidades Autónomas,,Sin concierto.,NO
0114000532,140039,Hospital Los Morales,Andalucía,Córdoba,Córdoba,Carretera Los Molares S/N,14012,957012042,19,Hospitales Generales,Servicios e Institutos de Salud de Las Comunidades Autónomas,,Sin concierto.,NO
0114000533,140044,Hospital Materno - Infantil del H.U. Reina Sofia,Andalucía,Córdoba,Córdoba,Avenida Menéndez Pidal S/N,14004,957010380,194,Hospitales Generales,Servicios e Institutos de Salud de Las Comunidades Autónomas,,Sin concierto.,NO
0114000535,140121,Hospital Valle de Los Pedroches,Andalucía,Córdoba,Pozoblanco,Calle Juan del Rey Calero S/N,14400,957026306,142,Hospitales Generales,Servicios e Institutos de Salud de Las Comunidades Autónomas,,Sin concierto.,NO
0114000536,140082,Hospital San Juan de Dios de Córdoba,Andalucía,Córdoba,Córdoba,Avenida Del Brillante 106,14012,957274600,205,Hospitales Generales,Privados,,Concierto parcial,NO
0114000537,140076,Hospital Cruz Roja de Córdoba,Andalucía,Córdoba,Córdoba,Paseo De La Victoria S/N,14004,957420666,138,Hospitales Generales,Privados,,Red de utilización pública (RUP),SI
0114000873,140195,Hospital de Montilla,Andalucía,Córdoba,Montilla,"Carretera Ctra. Montoro-Puente Genil, Km. 65,350 S/N",14550,957022600,73,Hospitales Generales,Servicios e Institutos de Salud de Las Comunidades Autónomas,,Sin concierto.,NO
0114001301,140218,Hospital de Alta Resolución de Puente Genil,Andalucía,Córdoba,Puente Genil,Calle Burgos S/N,14500,957615000,24,Hospitales Generales,Servicios e Institutos de Salud de Las Comunidades Autónomas,,Sin concierto.,NO
0114001599,140229,Hospital de Alta Resolución Valle del Guadiato,Andalucía,Córdoba,Peñarroya-Pueblonuevo,Calle Paraje Cerro del Camello S/N,14200,957579100,17,Hospitales Generales,Servicios e Institutos de Salud de Las Comunidades Autónomas,,Sin concierto.,NO
0114003668,140241,Hospital Quironsalud Córdoba,Andalucía,Córdoba,Córdoba,"Avenida Del Aeropuerto, S/N S/N",14004,957410000,115,Hospitales Generales,Privados,,Sin concierto,NO
0114003688,140252,Hospital Centro de Andalucía,Andalucía,Córdoba,Lucena,Calle Pontevedra 1,14900,000000000,196,Hospitales Generales,Privados,,Concierto parcial,NO
0114003703,140263,Hospital Palma del Rio,Andalucía,Córdoba,Córdoba,Avenida V Califa S/N,14700,000000000,20,Hospitales Generales,Servicios e Institutos de Salud de Las Comunidades Autónomas,,Sin concierto.,NO
0118000553,180074,Hospital de La Inmaculada Concepción,Andalucía,Granada,Granada,Calle Doctor Alejandro Otero 8,18004,958187712,95,Hospitales Generales,Privados,,Sin concierto,SI
0118000554,180093,Hospital de Baza,Andalucía,Granada,Baza,"Carretera Murcia, Km. 1,6 S/N",18800,958031303,117,Hospitales Generales,Servicios e Institutos de Salud de Las Comunidades Autónomas,,Sin concierto,NO
0118000556,180016,Hospital Universitario Virgen de Las Nieves,Andalucía,Granada,Granada,Avenida De Las Fuerzas Armadas 2,18014,958000203,844,Hospitales Generales,Servicios e Institutos de Salud de Las Comunidades Autónomas,,Sin concierto.,NO
0118000560,180166,Hospital Materno-Infantil del H.U. Virgen de Las Nieves,Andalucía,Granada,Granada,Avenida De Las Fuerzas Armadas 2,18014,000000000,230,Hospitales especializados,Servicios e Institutos de Salud de Las Comunidades Autónomas,,Sin concierto.,NO
0118000562,180107,Hospital Santa Ana,Andalucía,Granada,Motril,Avenida Enrique Martin Cuevas S/N,18600,958038200,184,Hospitales Generales,Servicios e Institutos de Salud de Las Comunidades Autónomas,,Sin concierto,SI
0118000563,180055,Hospital San Rafael,Andalucía,Granada,Granada,Calle San Juan de Dios 19-23,18001,958275700,166,Hospitales Generales,Privados,,Concierto parcial,NO
0118001566,180122,Hospital de Alta Resolución de Guadix,Andalucía,Granada,Guadix,Avenida Mariana Pineda S/N,18500,958699136,50,Hospitales Generales,Servicios e Institutos de Salud de Las Comunidades Autónomas,,Sin concierto.,NO
0118004203,180133,Hospital de Alta Resolución de Loja,Andalucía,Granada,Loja,Avenida Tierno Galván S/N,18300,958338150,18,Hospitales Generales,Servicios e Institutos de Salud de Las Comunidades Autónomas,,Sin concierto.,NO
0118004282,180146,Hospital Vithas Granada,Andalucía,Granada,Granada,Avenida Santa Maria de La Alhambra S/N,18008,958001450,77,Hospitales Generales,Privados,,Concierto parcial,NO
0118004562,180150,Hospital Universitario Clínico San Cecilio,Andalucía,Granada,Granada,Avenida De La Investigación S/N,18016,958023000,543,Hospitales Generales,Servicios e Institutos de Salud de Las Comunidades Autónomas,,Sin concierto.,NO
0118004856,180042,Hospital de Neurotraumatologia y Rehabilitación del H.U. Virgen de Las Nieves,Andalucía,Granada,Granada,Carretera De Jaén S/N,18013,958020000,241,Hospitales especializados,Servicios e Institutos de Salud de Las Comunidades Autónomas,,Sin concierto.,NO
0118004857,180191,Hospital Doctor Oloriz,Andalucía,Granada,Granada,Avenida Dr. Oloriz 16,18012,958023000,50,Hospitales Generales,Servicios e Institutos de Salud de Las Comunidades Autónomas,,Sin concierto.,NO
0121000146,210025,Hospital Infanta Elena,Andalucía,Huelva,Huelva,Calle Dr. Pedro Naranjo Rodríguez S/N,21007,959015132,304,Hospitales Generales,Servicios e Institutos de Salud de Las Comunidades Autónomas,,Sin concierto,SI
0121000147,210123,Hospital Universitario Juan Ramon Jimenez,Andalucía,Huelva,Huelva,Ronda Exterior Norte S/N,21005,959016000,587,Hospitales Generales,Servicios e Institutos de Salud de Las Comunidades Autónomas,,Sin concierto.,NO
0121000149,210031,Hospital Vázquez Diaz,Andalucía,Huelva,Huelva,Carretera Sevilla-Huelva S/N,21005,959014603,91,Hospitales Generales,Servicios e Institutos de Salud de Las Comunidades Autónomas,,Sin concierto.,NO
0121000150,210097,Hospital de Riotinto,Andalucía,Huelva,Minas de Riotinto,Avenida La Esquila 5,21660,959025295,118,Hospitales Generales,Servicios e Institutos de Salud de Las Comunidades Autónomas,,Sin concierto,NO
0121000151,210084,Clínica Los Naranjos,Andalucía,Huelva,Huelva,Paseo De Los Naranjos 1,21004,959243900,34,Hospitales Generales,Privados,,Concierto parcial,NO
0121001251,210137,Hospital Quironsalud Huelva,Andalucía,Huelva,Huelva,Calle Punta Umbría 8,21002,959242100,56,Hospitales Generales,Privados,,Concierto parcial,NO
0121001889,210148,Hospital Virgen de La Bella,Andalucía,Huelva,Lepe,"Avenida Las Rosas, S/N S/N",21440,959180550,61,Hospitales Generales,Privados,,Red de utilización pública (RUP),NO
0123000208,230011,Hospital Universitario de Jaén,Andalucía,Jaén,Jaén,Avenida Ejercito Español 10,23007,953008010,692,Hospitales Generales,Servicios e Institutos de Salud de Las Comunidades Autónomas,,Sin concierto.,NO
0123000210,230047,Hospital Neurotraumatologico del H.U. de Jaén,Andalucía,Jaén,Jaén,Carretera Bailen Motril S/N,23007,953008000,186,Hospitales Generales,Servicios e Institutos de Salud de Las Comunidades Autónomas,,Sin concierto.,NO
0123000211,230026,Hospital Doctor Sagaz,Andalucía,Jaén,Jaén,Carretera Del Neveral S/N,23004,953008001,54,Hospitales Generales,Servicios e Institutos de Salud de Las Comunidades Autónomas,,Sin concierto.,NO
0123000212,230151,Hospital Materno-Infantil del H.U. de Jaén,Andalucía,Jaén,Jaén,Avenida Del Ejercito Español 10,23007,953008000,122,Hospitales especializados,Servicios e Institutos de Salud de Las Comunidades Autónomas,,Sin concierto.,NO
0123000213,230079,Hospital San Agustín,Andalucía,Jaén,Linares,Avenida San Cristóbal S/N,23700,953024200,234,Hospitales Generales,Servicios e Institutos de Salud de Las Comunidades Autónomas,,Sin concierto,SI
0123000214,230098,Hospital San Juan de La Cruz,Andalucía,Jaén,Úbeda,Carretera De Linares S/N,23400,953028200,225,Hospitales Generales,Servicios e Institutos de Salud de Las Comunidades Autónomas,,Sin concierto.,NO
0123000215,230063,Clínica Cristo Rey,Andalucía,Jaén,Jaén,Paseo La Estación 40,23008,953250440,39,Hospitales Generales,Privados,,Concierto parcial,NO
0123000216,230145,Hospital Alto Guadalquivir,Andalucía,Jaén,Andújar,Avenida Blas Infante S/N,23740,953021575,67,Hospitales Generales,Servicios e Institutos de Salud de Las Comunidades Autónomas,,Sin concierto,NO
0123000703,230162,Hospital de Alta Resolución Sierra de Segura,Andalucía,Jaén,Puente de Génave,"Carretera Puente Genave - La Puerta de Segura, Km. 0,300 S/N",23350,953499012,24,Hospitales Generales,Servicios e Institutos de Salud de Las Comunidades Autónomas,,Sin concierto.,NO
0123000736,230173,Hospital de Alta Resolución de Alcaudete,Andalucía,Jaén,Alcaudete,Camino Viejo de La Fuensanta 2,23660,953368211,16,Hospitales Generales,Servicios e Institutos de Salud de Las Comunidades Autónomas,,Sin concierto.,NO
0123002675,230184,Hospital de Alta Resolución de Alcalá La Real,Andalucía,Jaén,Alcalá la Real,Avenida De Iberoamérica S/N,23680,953599008,28,Hospitales Generales,Servicios e Institutos de Salud de Las Comunidades Autónomas,,Sin concierto.,NO
0123003108,230195,Hospital Puerta de Andalucía,Andalucía,Jaén,Jaén,Carretera Carretera Bailen-Motril S/N,23009,953008000,79,Hospitales Generales,Servicios e Institutos de Salud de Las Comunidades Autónomas,,Sin concierto.,NO
0123003109,230206,Centro Hospitalario de Alta Resolución de Cazorla,Andalucía,Jaén,Cazorla,Carretera A-319 Cazorla-Peal del Becerro S/N,23470,953028611,26,Hospitales Generales,Servicios e Institutos de Salud de Las Comunidades Autónomas,,Sin concierto,NO
0123003127,230217,Hospital Metropolitano de Jaén,Andalucía,Jaén,Jaén,Carretera Córdoba-Valencia S/N,23005,953275565,35,Hospitales Generales,Privados,,Concierto parcial,NO
0129000185,290494,Helicópteros Sanitarios Hospital,Andalucía,Malaga,Marbella,Carretera Nacional 340 S/N,29600,952816767,10,Hospitales Generales,Privados,,Sin concierto,NO
0129001066,290287,Hospital Costa del Sol,Andalucía,Malaga,Marbella,Carretera Autovía A-7 S/N,29603,951976669,408,Hospitales Generales,Servicios e Institutos de Salud de Las Comunidades Autónomas,,Sin concierto.,NO
0129001068,290017,Hospital Universitario Regional de Málaga,Andalucía,Malaga,Málaga,Avenida Carlos Haya S/N,29010,951030100,523,Hospitales Generales,Servicios e Institutos de Salud de Las Comunidades Autónomas,,Sin concierto.,NO
0129001070,290265,Hospital Materno Infantil del H.U.R. de Málaga,Andalucía,Malaga,Málaga,Calle Arroyo de Los Ángeles S/N,29009,951030200,349,Hospitales especializados,Servicios e Institutos de Salud de Las Comunidades Autónomas,,Sin concierto.,NO
0129001071,290038,Hospital Civil,Andalucía,Malaga,Málaga,Plaza Del Hospital Civil S/N,29009,951030300,201,Hospitales Generales,Servicios e Institutos de Salud de Las Comunidades Autónomas,,Sin concierto.,NO
0129001073,290022,Hospital Universitario Virgen de La Victoria,Andalucía,Malaga,Málaga,Calle Campus Universitario Teatinos S/N,29010,951032000,657,Hospitales Generales,Servicios e Institutos de Salud de Las Comunidades Autónomas,,Sin concierto.,NO
0129001075,290213,Hospital Marítimo de Torremolinos,Andalucía,Malaga,Torremolinos,Calle Sanatorio 5,29620,951033735,89,Hospitales Generales,Servicios e Institutos de Salud de Las Comunidades Autónomas,,Sin concierto.,NO
0129001077,290206,Hospital de La Axarquia,Andalucía,Malaga,Vélez-Málaga,Avenida Del Sol 43,29740,951067010,219,Hospitales Generales,Servicios e Institutos de Salud de Las Comunidades Autónomas,,Sin concierto,NO
0129001079,290081,Hospital Vithas Parque San Antonio,Andalucía,Malaga,Málaga,Avenida Pintor Joaquín Sorolla 2,29016,952211050,100,Hospitales Generales,Privados,,Sin concierto,NO
0129001080,290141,HM El Pilar,Andalucía,Malaga,Málaga,Paseo De Sancha 15,29016,952217606,24,Hospitales Generales,Privados,,Sin concierto,NO
0129001081,290115,HM Málaga,Andalucía,Malaga,Málaga,Avenida Carlos Haya 121,29010,952287766,105,Hospitales Generales,Privados,,Concierto parcial,NO
0129001082,290108,HM Gálvez,Andalucía,Malaga,Málaga,Calle San Agustín 1,29015,952224295,62,Hospitales Generales,Privados,,Concierto parcial,NO
0129001083,290228,Hospital Internacional HM Santa Elena,Andalucía,Malaga,Torremolinos,Urbanización Los Álamos S/N,29620,952386266,90,Hospitales Generales,Privados,,Concierto parcial,NO
0129001084,290094,Hospital El Ángel,Andalucía,Malaga,Málaga,Calle Corregidor Nicolas Isidro 16,29007,952045000,138,Hospitales Generales,Privados,,Sin concierto,SI
0129001085,290075,Centro Asistencial Hnas. Hospitalarias del Sagrado Corazón de Jesús,Andalucía,Malaga,Málaga,Calle San Juan Bosco 41,29014,952256150,321,Hospitales de salud mental y tratamiento de toxicomanías,Privados,,Sin concierto,NO
0129001086,290348,Clínica El Seranil,Andalucía,Malaga,Vélez-Málaga,Carretera Almería S/N,29790,952513267,60,Hospitales de salud mental y tratamiento de toxicomanías,Privados,,Concierto parcial,NO
0129001087,290154,Hospital de Antequera,Andalucía,Malaga,Antequera,Avenida Poeta Muñoz Rojas S/N,29200,951061008,159,Hospitales Generales,Servicios e Institutos de Salud de Las Comunidades Autónomas,,Sin concierto,SI
0129001088,290173,Hospital Quironsalud Marbella,Andalucía,Malaga,Marbella,Avenida Severo Ochoa 22,29603,952774200,75,Hospitales Generales,Privados,,Sin concierto,NO
0129001090,290069,Centro Asistencial San Juan de Dios,Andalucía,Malaga,Málaga,Camino Casabermeja 126,29014,952250550,398,Hospitales de salud mental y tratamiento de toxicomanías,Privados,,Concierto parcial,NO
0129001091,290136,Hospital Psiquiátrico San Francisco de Asís,Andalucía,Malaga,Málaga,Avenida Hernan Núñez de Toledo 5,29018,952201464,180,Hospitales de salud mental y tratamiento de toxicomanías,Privados,,Sin concierto,NO
0129001092,290359,Ha Marbella International Hospital,Andalucía,Malaga,Marbella,Calle Ventura del Mar 11,29660,952908628,30,Hospitales Generales,Privados,,Sin concierto,NO
0129001424,290461,Hospital Ochoa,Andalucía,Malaga,Marbella,Paseo Alfonso Cañas Nogueras (Paseo Marítimo) S/N,29603,952861400,22,Hospitales Generales,Privados,,Sin concierto,NO
0129001851,290382,Clínicas del Sur Slu,Andalucía,Malaga,Estepona,Carretera Nacional 340 S/N,29680,952760600,74,Hospitales Generales,Privados,,Sin concierto,NO
0129001928,290405,Hospital Vithas Xanit Internacional,Andalucía,Malaga,Benalmádena,Avenida De Los Argonautas S/N,29630,952443119,125,Hospitales Generales,Privados,,Concierto parcial,NO
0129001929,290393,Fundacion Cudeca. Centro de Cuidados Paliativos,Andalucía,Malaga,Benalmádena,Avenida Del Cosmos S/N,29631,952564910,15,Hospitales especializados,Privados,,Concierto parcial,NO
0129002504,290449,Hospital Quironsalud Málaga,Andalucía,Malaga,Málaga,Avenida Imperio Argentina 1,29004,952176016,160,Hospitales Generales,Privados,,Sin concierto,NO
0129002973,290450,Hospital Vithas Xanit Estepona,Andalucía,Malaga,Estepona,Avenida Andalucía 2 y 4,29680,952808100,10,Hospitales Generales,Privados,,Sin concierto,NO
0129003159,290472,Hospital Recoletas Marbella Slu,Andalucía,Malaga,Marbella,Calle Maestra Doña Carola 8,29602,952899350,22,Hospitales Generales,Privados,,Sin concierto,NO
0129007039,290506,Hospital de La Serranía,Andalucía,Malaga,Ronda,"Carretera Ronda-San Pedro, Km. 2 S/N",29400,951065077,150,Hospitales Generales,Servicios e Institutos de Salud de Las Comunidades Autónomas,,Sin concierto,SI
0129007432,290517,Hospital Valle de Guadalhorce de Cartama,Andalucía,Malaga,Málaga,Carretera Autovía A-357 Málaga S/N,29570,951291105,28,Hospitales Generales,Servicios e Institutos de Salud de Las Comunidades Autónomas,,Sin concierto.,NO
0129007460,290528,Hospital de Alta Resolución de Estepona,Andalucía,Malaga,Estepona,Calle Irene Villa González 9,29680,951976617,14,Hospitales Generales,Servicios e Institutos de Salud de Las Comunidades Autónomas,,Sin concierto.,NO
0141000534,410114,Hospital Quironsalud Sagrado Corazón,Andalucía,Sevilla,Sevilla,Calle Rafael Salgado 3,41013,954937676,147,Hospitales Generales,Privados,,Sin concierto,NO
0141000536,410325,Fremap_Hospital y Centro de Rehabilitación de Sevilla,Andalucía,Sevilla,Sevilla,Avenida De Jerez S/N,41014,954249102,102,Hospitales especializados,Mútuas Colaboradoras con La Seguridad Social,,Sin concierto,NO
0141000537,410129,Hospital Fátima,Andalucía,Sevilla,Sevilla,Glorieta De Méjico 1,41012,954613300,73,Hospitales Generales,Privados,,Sin concierto,NO
0141000538,410074,Hospital Victoria Eugenia de La Cruz Roja Española,Andalucía,Sevilla,Sevilla,Avenida De La Cruz Roja 1,41009,954352082,39,Hospitales Generales,Privados,,Concierto parcial,SI
0141000539,410107,Clínica Santa Isabel,Andalucía,Sevilla,Sevilla,Calle Luis Montoto 100,41018,954919000,96,Hospitales Generales,Privados,,Sin concierto,NO
0141000540,410251,Hospital La Merced,Andalucía,Sevilla,Osuna,Avenida De La Constitución 2,41640,955077200,225,Hospitales Generales,Servicios e Institutos de Salud de Las Comunidades Autónomas,,Sin concierto.,NO
0141000541,410021,Hospital Universitario Virgen de Valme,Andalucía,Sevilla,Sevilla,Avenida De Bellavista S/N,41014,955015160,617,Hospitales Generales,Servicios e Institutos de Salud de Las Comunidades Autónomas,,Sin concierto.,NO
0141000543,410227,Hospital El Tomillar,Andalucía,Sevilla,Alcalá de Guadaíra,Carretera Alcalá-Dos Hermanas S/N,41500,000000000,80,Hospitales Generales,Servicios e Institutos de Salud de Las Comunidades Autónomas,,Sin concierto.,NO
0141000544,410042,Hospital Universitario Virgen Macarena,Andalucía,Sevilla,Sevilla,Avenida Doctor Fedriani 3,41009,955008000,777,Hospitales Generales,Servicios e Institutos de Salud de Las Comunidades Autónomas,,Sin concierto.,NO
0141000546,410055,Hospital San Lázaro,Andalucía,Sevilla,Sevilla,Avenida Doctor Fedriani S/N,41009,955017800,66,Hospitales Generales,Servicios e Institutos de Salud de Las Comunidades Autónomas,,Sin concierto.,NO
0141000547,410016,Hospital Universitario Virgen del Rocío,Andalucía,Sevilla,Sevilla,Avenida Manuel Siurot S/N,41013,955013466,628,Hospitales Generales,Servicios e Institutos de Salud de Las Comunidades Autónomas,,Sin concierto.,NO
0141000550,410443,Hospital de Rehabilitación y Traumatología del H.U. Virgen del Rocío,Andalucía,Sevilla,Sevilla,Avenida Manuel Siurot S/N,41013,000000000,295,Hospitales especializados,Servicios e Institutos de Salud de Las Comunidades Autónomas,,Sin concierto.,NO
0141000551,410465,Hospital Infantil,Andalucía,Sevilla,Sevilla,Avenida Manuel Siurot S/N,41013,000000000,134,Hospitales especializados,Servicios e Institutos de Salud de Las Comunidades Autónomas,,Sin concierto.,NO
0141000552,410080,Hospital San Juan de Dios de Sevilla,Andalucía,Sevilla,Sevilla,Avenida Eduardo Dato 42,41005,954933870,289,Hospitales Generales,Privados,,Sin concierto,NO
0141000553,410191,Clínica Nuestra Señora de Aránzazu,Andalucía,Sevilla,Sevilla,Calle Jesús del Gran Poder 29,41002,954382110,10,Otros Centros con Internamiento,Privados,,Sin concierto,NO
0141000554,410248,Hospital de Alta Resolución de Morón de La Frontera,Andalucía,Sevilla,Morón de la Frontera,Plaza San Francisco S/N,41530,954851008,12,Hospitales Generales,Servicios e Institutos de Salud de Las Comunidades Autónomas,,Sin concierto.,NO
0141000555,410353,Hospital San Juan de Dios del Aljarafe,Andalucía,Sevilla,Bormujos,Avenida San Juan de Dios S/N,41930,955050550,200,Hospitales Generales,Otros Centros o Establecimientos Públicos de Dependencia Autonómica,,Sin concierto,SI
0141000556,410212,Residencia de Salud Mental Nuestra Señora del Carmen,Andalucía,Sevilla,Bormujos,Avenida Rio Pudio S/N,41930,954906671,54,Hospitales de salud mental y tratamiento de toxicomanías,Privados,,Sin concierto,NO
0141000649,410483,Ita Clinic Bcn,Andalucía,Sevilla,Sevilla,Calle Vidrio 32,41005,954633252,19,Otros Centros con Internamiento,Privados,,Sin concierto,NO
0141000727,410135,Hospital Quironsalud Infanta Luisa,Andalucía,Sevilla,Sevilla,Calle San Jacinto 87,41010,954330100,139,Hospitales Generales,Privados,,Sin concierto,NO
0141001379,410233,Hospital San Agustín,Andalucía,Sevilla,Dos Hermanas,"Calle Prolongación Doctor Fleming, Sector 13 S/N",41703,955050570,93,Hospitales Generales,Privados,,Sin concierto,NO
0141001671,410375,Hospital Vithas Sevilla,Andalucía,Sevilla,Castilleja de la Cuesta,Avenida Placido Fernandez Viagas S/N,41950,954464000,148,Hospitales Generales,Privados,,Concierto parcial,NO
0141001947,410386,Hospital de Alta Resolución de Utrera,Andalucía,Sevilla,Utrera,Calle Brigadas Internacionales S/N,41710,955839097,14,Hospitales Generales,Servicios e Institutos de Salud de Las Comunidades Autónomas,,Sin concierto.,NO
0141002499,410409,Hospital Viamed Santa Angela de La Cruz,Andalucía,Sevilla,Sevilla,Avenida De Jerez 59,41014,954032000,105,Hospitales Generales,Privados,,Sin concierto,NO
0141006016,410454,Hospital de Alta Resolución de Lebrija,Andalucía,Sevilla,Lebrija,Avenida El Cuervo S/N,41740,000000000,22,Hospitales Generales,Servicios e Institutos de Salud de Las Comunidades Autónomas,,Sin concierto.,NO
0141006243,410346,Hospital Psiquiátrico Penitenciario,Andalucía,Sevilla,Sevilla,"Carretera Torreblanca-Mairena Km. 3,5 S/N",41007,955616666,184,Hospitales de salud mental y tratamiento de toxicomanías,Servicios e Institutos de Salud de Las Comunidades Autónomas,,Sin concierto,NO
0141006465,410432,Clínica de Salud Mental Miguel de Mañara,Andalucía,Sevilla,Dos Hermanas,Calle Hermanos de La Cruz Blanca 1,41089,954127033,18,Hospitales de salud mental y tratamiento de toxicomanías,Privados,,Sin concierto,NO
0141006842,410476,Hospital de La Mujer,Andalucía,Sevilla,Sevilla,Avenida Manuel Siurot S/N,41013,955012720,221,Hospitales especializados,Servicios e Institutos de Salud de Las Comunidades Autónomas,,Sin concierto.,NO
0141006854,410496,"Adinfa, Sociedad Cooperativa Andaluza",Andalucía,Sevilla,Coria del Río,Calle Maria Jesús 3,41100,607271338,25,Hospitales de salud mental y tratamiento de toxicomanías,Privados,,Red de utilización pública (RUP),NO
0141006864,410205,Hospital de Emergencia Covid 19,Andalucía,Sevilla,Sevilla,Calle Maria Galiana 8,41013,955013466,276,Hospitales especializados,Servicios e Institutos de Salud de Las Comunidades Autónomas,,Sin concierto.,NO
0222000001,220036,Hospital Sagrado Corazón de Jesús,Aragón,Huesca,Huesca,Paseo Lucas Mallada 22,22006,974292000,70,Hospitales de media y larga estancia,Servicios e Institutos de Salud de Las Comunidades Autónomas,,Sin concierto,SI
0222000002,220015,Hospital Universitario San Jorge,Aragón,Huesca,Huesca,Avenida Martínez de Velasco 36,22004,974247000,297,Hospitales Generales,Servicios e Institutos de Salud de Las Comunidades Autónomas,,Sin concierto,SI
0222000003,220054,Hospital de Barbastro,Aragón,Huesca,Barbastro,Carretera Nacional 240 S/N,22300,974249000,170,Hospitales Generales,Servicios e Institutos de Salud de Las Comunidades Autónomas,,Sin concierto,NO
0222000004,220020,Centro de Rehabilitación Psicosocial Santo Cristo de Los Milagros,Aragón,Huesca,Huesca,"Carretera Arguis KM 2,5",22006,974220772,110,Hospitales de salud mental y tratamiento de toxicomanías,Servicios e Institutos de Salud de Las Comunidades Autónomas,,Sin concierto,NO
0222000005,220089,Hospital de Jaca Salud,Aragón,Huesca,Jaca,Carretera Rapitan S/N,22700,974355331,50,Hospitales Generales,Servicios e Institutos de Salud de Las Comunidades Autónomas,,Sin concierto,NO
0222000006,220041,Hospital Viamed Santiago,Aragón,Huesca,Huesca,Calle Sariñena 12,22004,974220600,28,Hospitales Generales,Privados,,Sin concierto,NO
0222000030,220105,Centro Sanitario Bajo Cinca-Baix Cinca,Aragón,Huesca,Fraga,Calle Hermana Andresa 2,22520,974474545,20,Otros Centros con Internamiento,Servicios e Institutos de Salud de Las Comunidades Autónomas,,Sin concierto,NO
0244000001,440048,Hospital de Alcañiz,Aragón,Teruel,Alcañiz,Calle Doctor Repolles 2,44600,978830100,145,Hospitales Generales,Servicios e Institutos de Salud de Las Comunidades Autónomas,,Sin concierto,NO
0244000002,440012,Hospital Obispo Polanco,Aragón,Teruel,Teruel,Avenida Ruiz Jarabo S/N,44002,978654000,211,Hospitales Generales,Servicios e Institutos de Salud de Las Comunidades Autónomas,,Sin concierto,SI
0244000003,440027,Hospital de San José,Aragón,Teruel,Teruel,Avenida Zaragoza 16,44001,978654070,50,Hospitales de media y larga estancia,Servicios e Institutos de Salud de Las Comunidades Autónomas,,Sin concierto,SI
0244000004,440033,Centro de Rehabilitación Psicosocial San Juan de Dios,Aragón,Teruel,Teruel,Avenida Zaragoza 10-14,44001,978654040,150,Hospitales de salud mental y tratamiento de toxicomanías,Servicios e Institutos de Salud de Las Comunidades Autónomas,,Red de utilización pública (RUP),SI
0250000001,500114,Hospital San Juan de Dios,Aragón,Zaragoza,Zaragoza,Paseo Colon 14,50006,976271660,188,Hospitales de media y larga estancia,Organizaciones No Gubernamentales,,Red de utilización pública (RUP),NO
0250000002,500129,Hospital Quironsalud Zaragoza,Aragón,Zaragoza,Zaragoza,Paseo Mariano Renovales S/N,50006,976720000,104,Hospitales Generales,Privados,,Sin concierto,NO
0250000034,500068,Centro de Rehabilitación Psicosocial Nuestra Señora del Pilar,Aragón,Zaragoza,Zaragoza,Calle Duquesa Villahermosa 66-68,50009,976331500,200,Hospitales de salud mental y tratamiento de toxicomanías,Servicios e Institutos de Salud de Las Comunidades Autónomas,,Sin concierto,SI
0250000035,500093,"Clínica Montpellier, Grupo Ha, S.A.U",Aragón,Zaragoza,Zaragoza,Vía Hispanidad 37,50012,976765300,90,Hospitales Generales,Privados,,Concierto parcial,NO
0250000067,500188,Unidad Rehabilitadora de Media Estancia Profesor Rey Ardid,Aragón,Zaragoza,Zaragoza,Calle Camino Viejo de La Alfocea 10,50191,976731000,39,Hospitales de salud mental y tratamiento de toxicomanías,Organizaciones No Gubernamentales,,Red de utilización pública (RUP),NO
0250000068,500055,Hospital Royo Villanova,Aragón,Zaragoza,Zaragoza,Avenida San Gregorio 30,50015,976466910,256,Hospitales Generales,Servicios e Institutos de Salud de Las Comunidades Autónomas,,Sin concierto,SI
0250000069,500021,Hospital Universitario Miguel Servet,Aragón,Zaragoza,Zaragoza,Paseo Isabel La Católica 1-3,50009,976765500,1198,Hospitales Generales,Servicios e Institutos de Salud de Las Comunidades Autónomas,,Sin concierto,SI
0250000070,500107,Centro Neuropsiquiátrico Nuestra Señora del Carmen,Aragón,Zaragoza,Zaragoza,Camino Abejar 100,50190,976770635,277,Hospitales de salud mental y tratamiento de toxicomanías,Organizaciones No Gubernamentales,,Concierto parcial,NO
0250000071,500016,Hospital Clínico Universitario Lozano Blesa,Aragón,Zaragoza,Zaragoza,Calle San Juan Bosco 15,50009,976765700,808,Hospitales Generales,Servicios e Institutos de Salud de Las Comunidades Autónomas,,Sin concierto,SI
0250000082,500153,Hospital Ernest Lluch Martin,Aragón,Zaragoza,Calatayud,Carretera Sagunto Burgos KM 254,50300,976880964,122,Hospitales Generales,Servicios e Institutos de Salud de Las Comunidades Autónomas,,Sin concierto,SI
0250000083,500074,Hospital Nuestra Señora de Gracia,Aragón,Zaragoza,Zaragoza,Calle Ramon y Cajal 60,50004,976440022,145,Hospitales Generales,Servicios e Institutos de Salud de Las Comunidades Autónomas,,Sin concierto,SI
0250000085,500172,Unidad de Rehabilitación de Larga Estancia,Aragón,Zaragoza,Sádaba,Carretera Sos S/N,50670,976675479,45,Hospitales de salud mental y tratamiento de toxicomanías,Organizaciones No Gubernamentales,,Sin concierto,NO
0250000086,500195,Hospital de Rehabilitación Psiquiatrica Prisma,Aragón,Zaragoza,Zaragoza,Calle Torre del Cerezo (San Juan de Mozarrifar) 17,50820,976151152,50,Hospitales de salud mental y tratamiento de toxicomanías,Privados,,Sin concierto,NO
0250000087,500080,Hospital Maz,Aragón,Zaragoza,Zaragoza,Avenida Academia General Militar 74,50015,976748000,81,Hospitales Generales,Mútuas Colaboradoras con La Seguridad Social,,Concierto parcial,NO
0250000091,500218,Hospital Viamed Montecanal,Aragón,Zaragoza,Zaragoza,Calle Franz Schubert 2,50012,876241818,68,Hospitales Generales,Privados,,Concierto parcial,NO
0250000095,500200,Centro Sanitario Cinco Villas,Aragón,Zaragoza,Ejea de los Caballeros,Calle Antonio Machado 15,50009,976765700,17,Otros Centros con Internamiento,Servicios e Institutos de Salud de Las Comunidades Autónomas,,Sin concierto,NO
0250004610,500140,Hospital General de La Defensa En Zaragoza,Aragón,Zaragoza,Zaragoza,Calle Vía Ibérica 1-15 1-15,50009,976567710,200,Hospitales Generales,Ministerio de Defensa,,Concierto sustitutorio,NO
0250005838,500223,Hospital Hernan Cortes Miraflores,Aragón,Zaragoza,Zaragoza,Camino Torres (De Las) 51-53,50008,976222981,36,Hospitales Generales,Privados,,Concierto parcial,NO
0333000032,330321,Centro Salud Mental Perez Espinosa,Ppdo. de Asturias,Asturias,Llanera,Calle Santa Rosa 6,33690,985771677,35,Hospitales de salud mental y tratamiento de toxicomanías,Privados,,Sin concierto,NO
0333000265,330376,Instituto Oftalmológico Fernandez-Vega,Ppdo. de Asturias,Asturias,Oviedo,Avenida Dres. Fernandez Vega 34,33012,985240141;985241508,13,Hospitales especializados,Privados,,Sin concierto,SI
0333000848,330254,Fundacion Sanatorio Adaro,Ppdo. de Asturias,Asturias,Langreo,Calle Jove y Canella 1,33900,985692111,153,Hospitales de media y larga estancia,Privados,,Concierto parcial,NO
0333001050,330138,Hospital Carmen y Severo Ochoa,Ppdo. de Asturias,Asturias,Cangas del Narcea,Calle Sienra 11,33800,985812346,103,Hospitales Generales,Servicios e Institutos de Salud de Las Comunidades Autónomas,,Sin concierto,SI
0333001052,330241,Hospital Valle del Nalon,Ppdo. de Asturias,Asturias,Langreo,Polígono De Riaño S/N,33920,985652000,216,Hospitales Generales,Servicios e Institutos de Salud de Las Comunidades Autónomas,,Sin concierto,SI
0333001472,330045,Hospital Monte Naranco,Ppdo. de Asturias,Asturias,Oviedo,Avenida Doctores Fernández Vega S/N,33012,985106900,194,Hospitales de media y larga estancia,Servicios e Institutos de Salud de Las Comunidades Autónomas,,Sin concierto,SI
0333002321,330313,Hospital de Luarca,Ppdo. de Asturias,Asturias,Valdés,Calle Villar S/N,33700,985470707;985470727,19,Otros Centros con Internamiento,Privados,,Sin concierto,NO
0333002526,330208,Hospital Begoña,Ppdo. de Asturias,Asturias,Gijón,Avenida Pablo Iglesias 92,33204,985367711,41,Hospitales Generales,Privados,,Concierto parcial,NO
0333002562,330077,Clínica Asturias,Ppdo. de Asturias,Asturias,Oviedo,Calle Naranjo de Bulnes 4-6,33012,985286000,46,Hospitales Generales,Privados,,Concierto parcial,NO
0333002574,330306,Hospital del Oriente de Asturias Francisco Grande Covian,Ppdo. de Asturias,Asturias,Parres,Urbanización Castañera S/N,33540,985840032,90,Hospitales Generales,Servicios e Institutos de Salud de Las Comunidades Autónomas,,Sin concierto,SI
0333002581,330332,Clínica Psiquiatrica Somio,Ppdo. de Asturias,Asturias,Gijón,"Carretera La Providencia-Infanzon, 3518 3518",33203,985133806,40,Hospitales de salud mental y tratamiento de toxicomanías,Privados,,Sin concierto,NO
0333002620,330096,Clínica San Rafael,Ppdo. de Asturias,Asturias,Oviedo,"Calle La Estrecha, 33",33011,985282526,36,Hospitales de salud mental y tratamiento de toxicomanías,Privados,,Concierto parcial,NO
0333002775,330169,Hospital Cruz Roja Gijón,Ppdo. de Asturias,Asturias,Gijón,Calle Uría 37,33202,985195000,120,Hospitales Generales,Privados,,Sin concierto,NO
0333002776,330194,Hospital de Jove,Ppdo. de Asturias,Asturias,Gijón,Avenida Eduardo Castro S/N,33290,985320050,233,Hospitales Generales,Privados,,Concierto sustitutorio,SI
0333002777,330100,Hospital Universitario San Agustín,Ppdo. de Asturias,Asturias,Avilés,Camino De Heros 6,33401,985123000,436,Hospitales Generales,Servicios e Institutos de Salud de Las Comunidades Autónomas,,Red de utilización pública (RUP),SI
0333002780,330156,Hospital Universitario de Cabueñes,Ppdo. de Asturias,Asturias,Gijón,Calle Los Prados 395,33203,985185000;985185004,457,Hospitales Generales,Servicios e Institutos de Salud de Las Comunidades Autónomas,,Sin concierto,SI
0333002781,330175,Hospital Covadonga,Ppdo. de Asturias,Asturias,Gijón,Calle General Suarez Valdés 40,33204,985365122,24,Hospitales Generales,Privados,,Sin concierto,NO
0333003295,330365,Centro Terapeutico Vista Alegre,Ppdo. de Asturias,Asturias,Gijón,Calle Profesor Perez Pimentel (La Guía - Somio) 518,33203,985363435;985771677,28,Hospitales de salud mental y tratamiento de toxicomanías,Privados,,Sin concierto,NO
0333003415,330061,Centro Medico de Asturias,Ppdo. de Asturias,Asturias,Oviedo,Avenida Richard Grandio S/N,33193,985250300,105,Hospitales Generales,Privados,,Sin concierto,NO
0333003421,330117,Fundacion Hospital de Avilés,Ppdo. de Asturias,Asturias,Avilés,Calle Cabruñana 19,33402,627513515;985525744,90,Hospitales especializados,Privados,,Concierto parcial,NO
0333004419,330143,Hospital de Jarrio,Ppdo. de Asturias,Asturias,Coaña,Carretera De Jarrio S/N,33719,985639300,116,Hospitales Generales,Servicios e Institutos de Salud de Las Comunidades Autónomas,,Sin concierto,SI
0333005233,330354,Hospital Gijón,Ppdo. de Asturias,Asturias,Gijón,Avenida De La Costa 45,33201,985360612;985360613,32,Hospitales de media y larga estancia,Privados,,Sin concierto,NO
0333005240,330292,Hospital Universitario Central de Asturias,Ppdo. de Asturias,Asturias,Oviedo,Avenida De Roma S/N,33011,985108000,991,Hospitales Generales,Servicios e Institutos de Salud de Las Comunidades Autónomas,,Sin concierto,SI
0333005582,330325,Hospital Vital Alvarez Buylla,Ppdo. de Asturias,Asturias,Mieres,Calle Vistalegre 2,33619,985458500,176,Hospitales Generales,Servicios e Institutos de Salud de Las Comunidades Autónomas,,Sin concierto,SI
0333005595,330322,Cti de La Corredoria,Ppdo. de Asturias,Asturias,Oviedo,Calle Molin Los Canales S/N,33011,985292360,22,Otros Centros con Internamiento,Servicios e Institutos de Salud de Las Comunidades Autónomas,,Sin concierto,NO
0333005968,330409,Centro de Tratamiento Integral Montevil,Ppdo. de Asturias,Asturias,Gijón,Calle Álava 67,33210,985142483,21,Otros Centros con Internamiento,Servicios e Institutos de Salud de Las Comunidades Autónomas,,Sin concierto,SI
0407000001,070309,Hospital de Manacor,Illes Balears,Illes Balears,Manacor,Carretera Manacor - Alcudia S/N,07500,971847000,224,Hospitales Generales,Servicios e Institutos de Salud de Las Comunidades Autónomas,,Sin concierto,SI
0407000002,070048,Hospital General de Mallorca,Illes Balears,Illes Balears,Palma,Plaza Hospital 3,07012,871205000,87,Hospitales de media y larga estancia,Servicios e Institutos de Salud de Las Comunidades Autónomas,,Sin concierto,NO
0407000003,070260,Hospital Juaneda Muro,Illes Balears,Illes Balears,Muro,Calle Veler S/N,07459,971891900,86,Hospitales Generales,Privados,,Concierto parcial,NO
0407000004,070099,Clínica Rotger,Illes Balears,Illes Balears,Palma,Calle Santiago Russinyol 9,07012,971448500,193,Hospitales Generales,Privados,,Sin concierto,NO
0407000005,070086,Hospital Sant Joan de Deu,Illes Balears,Illes Balears,Palma,Calle Sant Joan de Deu 7,07007,971265854,197,Hospitales de media y larga estancia,Privados,,Concierto parcial,NO
0407000006,070295,Clínica Juaneda Mahón,Illes Balears,Illes Balears,Maó-Mahón,Avenida Vives Llull 6,07703,971351115,18,Hospitales Generales,Privados,,Concierto parcial,NO
0407000008,070110,Clínica Juaneda,Illes Balears,Illes Balears,Palma,Calle Company 30,07014,971731647,191,Hospitales Generales,Privados,,Sin concierto,SI
0407000009,070131,Juaneda Miramar,Illes Balears,Illes Balears,Palma,Calle Cami de La Vileta 30,07011,971767000,197,Hospitales Generales,Privados,,Concierto parcial,NO
0407000010,070184,Hospital Can Misses,Illes Balears,Illes Balears,Eivissa,Calle Corona S/N,07800,971397000,382,Hospitales Generales,Servicios e Institutos de Salud de Las Comunidades Autónomas,,Sin concierto,SI
0407000011,070064,Mutua Balear,Illes Balears,Illes Balears,Palma,Calle Bisbe Campins 4,07012,971213400,40,Hospitales Generales,Mútuas Colaboradoras con La Seguridad Social,,Sin concierto,SI
0407000032,070244,Clínica Juaneda Menorca,Illes Balears,Illes Balears,Ciutadella de Menorca,Calle Canonge Moll S/N,07760,971480505,41,Hospitales Generales,Privados,,Concierto parcial,NO
0407000216,070051,Hospital Psiquiatric,Illes Balears,Illes Balears,Palma,Calle Cami de Jesús 40,07010,871205000,168,Hospitales de salud mental y tratamiento de toxicomanías,Servicios e Institutos de Salud de Las Comunidades Autónomas,,Sin concierto,NO
0407000218,070162,Hospital Joan March,Illes Balears,Illes Balears,Bunyola,Carretera Palma-Soller KM. 12,07110,871202000,106,Hospitales de media y larga estancia,Servicios e Institutos de Salud de Las Comunidades Autónomas,,Sin concierto,SI
0407000411,070377,Hospital Comarcal D´Inca,Illes Balears,Illes Balears,Inca,Carretera Vella de Llubi S/N,07300,971888514,173,Hospitales Generales,Servicios e Institutos de Salud de Las Comunidades Autónomas,,Sin concierto,SI
0407000423,070388,Hospital Mateu Orfila,Illes Balears,Illes Balears,Maó-Mahón,Ronda Malbuger 1,07703,971487000,142,Hospitales Generales,Servicios e Institutos de Salud de Las Comunidades Autónomas,,Sin concierto,SI
0407000872,070399,Hospital Universitari Son Espases,Illes Balears,Illes Balears,Palma,Carretera Valldemossa 79,07120,871205001,839,Hospitales Generales,Servicios e Institutos de Salud de Las Comunidades Autónomas,,Sin concierto,SI
0407001219,070201,Policlínica Nuestra Sra. del Rosario,Illes Balears,Illes Balears,Eivissa,Vía Romana S/N,07800,971301916,68,Hospitales Generales,Privados,,Concierto parcial,NO
0407001223,070070,Hospital de La Creu Roja Espanyola,Illes Balears,Illes Balears,Palma,Calle Pons I Gallarza 90,07004,971751445,71,Hospitales de media y larga estancia,Privados,,Concierto parcial,NO
0407001617,070333,Hospital Son Llatzer,Illes Balears,Illes Balears,Palma,Carretera Manacor KM. 4,07198,871202000,423,Hospitales Generales,Servicios e Institutos de Salud de Las Comunidades Autónomas,,Sin concierto,SI
0407001618,070344,Hospital Quironsalud Palmaplanas,Illes Balears,Illes Balears,Palma,Calle Cami Dels Reis 308,07010,971918000,169,Hospitales Generales,Privados,,Concierto parcial,NO
0407001619,070366,Hospital de Formentera,Illes Balears,Illes Balears,Formentera,Calle Venda Des Brolls S/N,07860,971321212,13,Hospitales Generales,Servicios e Institutos de Salud de Las Comunidades Autónomas,,Sin concierto,NO
0407001647,070412,Hospital de Llevant,Illes Balears,Illes Balears,Manacor,Calle Escamarla 6,07680,971822400,70,Hospitales Generales,Privados,,Concierto parcial,SI
0407001688,070423,Hospital Quironsalud Son Veri,Illes Balears,Illes Balears,Llucmajor,Paseo Arbreda S/N,07609,971443030,34,Hospitales Generales,Privados,,Concierto parcial,NO
0407003152,070434,Clínica Luz de Palma,Illes Balears,Illes Balears,Palma,Calle Camilo José Cela 20,07014,971599167,19,Hospitales Generales,Privados,,Sin concierto,NO
0407003804,070445,Hospital Sant Joan de Deu Inca,Illes Balears,Illes Balears,Inca,Avenida Jaume Ir 44,07300,097126585,80,Hospitales especializados,Privados,,Concierto parcial,NO
0407004406,070456,Clínica Juaneda Ciutadella,Illes Balears,Illes Balears,Ciutadella de Menorca,Carretera Carretera Ciutadella - Sa Caleta 31,07760,971480508,55,Hospitales Generales,Privados,,Concierto parcial,SI
0535000315,350167,Clínica Cajal,Canarias,Las Palmas,"Palmas de Gran Canaria, Las",Calle Senador Castillo Olivares 15,35003,928369166,136,Hospitales Generales,Privados,,Sin concierto,NO
0535000319,350287,Hospital Ciudad de Telde,Canarias,Las Palmas,Telde,Calle Mister Blisse S/N,35212,928707555,154,Hospitales de media y larga estancia,Privados,,Concierto parcial,NO
0535000320,350154,Hospital La Paloma,Canarias,Las Palmas,"Palmas de Gran Canaria, Las",Calle Maestro Valle 20,35005,928234466,108,Hospitales Generales,Privados,,Concierto parcial,NO
0535000321,350206,Hospital Perpetuo Socorro,Canarias,Las Palmas,"Palmas de Gran Canaria, Las",Calle León y Castillo 407,35007,928499900,195,Hospitales Generales,Privados,,Concierto parcial,NO
0535000322,350304,Hospiten Clínica Roca San Agustín,Canarias,Las Palmas,San Bartolomé de Tirajana,Calle Buganvilla 1,35100,928769004,81,Hospitales Generales,Privados,,Sin concierto,NO
0535000323,350115,Hospital San José,Canarias,Las Palmas,"Palmas de Gran Canaria, Las",Calle Padre Cueto 26,35008,928263708,66,Hospitales Generales,Privados,,Concierto parcial,NO
0535000324,350120,Hospital Universitario Vithas Las Palmas,Canarias,Las Palmas,"Palmas de Gran Canaria, Las",Calle León y Castillo 292,35005,928297151,157,Hospitales Generales,Privados,,Concierto parcial,SI
0535000463,350326,Hospiten Lanzarote,Canarias,Las Palmas,Tías,Camino Lomo Gordo S/N,35572,928596100,61,Hospitales Generales,Privados,,Concierto parcial,NO
0535000688,350265,Quinta Medica de Reposo,Canarias,Las Palmas,Santa Brígida,Camino Palma Romero 7,35300,928640050,60,Hospitales de salud mental y tratamiento de toxicomanías,Privados,,Sin concierto,NO
0535001243,350367,Hospital Universitario San Roque Maspalomas,Canarias,Las Palmas,San Bartolomé de Tirajana,Calle Mar de Siberia 1,35100,928063615,147,Hospitales Generales,Privados,,Concierto parcial,SI
0535001314,350173,Hospital Universitario San Roque Las Palmas,Canarias,Las Palmas,"Palmas de Gran Canaria, Las",Calle Dolores de La Rocha 5,35001,928404040,162,Hospitales Generales,Privados,,Concierto parcial,SI
0535001524,350389,Hospital Parque Fuerteventura,Canarias,Las Palmas,Puerto del Rosario,Calle León y Castillo S/N,35600,928851500,22,Otros Centros con Internamiento,Privados,,Sin concierto,NO
0535001550,350192,Clínica Bandama,Canarias,Las Palmas,"Palmas de Gran Canaria, Las",Calle Santa Teresa 9,35017,928350050;928350054,64,Hospitales de salud mental y tratamiento de toxicomanías,Privados,,Sin concierto,NO
0535001830,350311,Hospital Universitario de Gran Canaria Dr. Negrín,Canarias,Las Palmas,"Palmas de Gran Canaria, Las",Plaza Barranco de La Ballena S/N,35012,928450000,652,Hospitales Generales,Servicios e Institutos de Salud de Las Comunidades Autónomas,,Sin concierto.,NO
0535001838,350290,Complejo Hospitalario Universitario Insular Materno Infantil,Canarias,Las Palmas,"Palmas de Gran Canaria, Las",Calle Autovía del Sur S/N,35016,928444000,916,Hospitales Generales,Servicios e Institutos de Salud de Las Comunidades Autónomas,,Sin concierto,SI
0535001908,350252,Hospital General de Fuerteventura,Canarias,Las Palmas,Puerto del Rosario,Calle Carretera Aeropuerto KM 1,35600,928862000,131,Hospitales Generales,Servicios e Institutos de Salud de Las Comunidades Autónomas,,Sin concierto,SI
0535002243,350228,Hospital Universitario Dr. José Molina Orosa,Canarias,Las Palmas,Arrecife,Calle Carretera Arrecife- Tinajo Km 1300 0,35500,928 595 102;928 595 103;928595000,252,Hospitales Generales,Servicios e Institutos de Salud de Las Comunidades Autónomas,,Sin concierto,SI
0535003839,350271,Hospital San Roque de Guía,Canarias,Las Palmas,Santa María de Guía de Gran Canaria,Lugar Diseminado Cuesta de Caraballo 11,35450,928896500,54,Hospitales de media y larga estancia,Servicios e Institutos de Salud de Las Comunidades Autónomas,,Sin concierto.,NO
0535003845,350069,Hospital Universitario de Salud Mental Juan Carlos I,Canarias,Las Palmas,"Palmas de Gran Canaria, Las",Calle Real del Castillo 152,35014,928302734,119,Hospitales de salud mental y tratamiento de toxicomanías,Otros Centros o Establecimientos Públicos de Dependencia Autonómica,,Sin concierto.,NO
0535003934,350249,Hospital Insular de Lanzarote,Canarias,Las Palmas,Arrecife,Calle Juan de Quesada S/N,35500,928810000,80,Hospitales de media y larga estancia,Servicios e Institutos de Salud de Las Comunidades Autónomas,,Sin concierto,SI
0535004296,350401,Centro Sanitario Residencial Las Palmas (Cesar Las Palmas),Canarias,Las Palmas,"Palmas de Gran Canaria, Las",Calle Párroco Villar Reina 1,35011,928296300,52,Hospitales de media y larga estancia,Privados,,Sin concierto,NO
0535004342,350402,Hospital Polivalente Anexo Juan Carlos I,Canarias,Las Palmas,"Palmas de Gran Canaria, Las",Calle Real del Castillo 152,35014,928450177,54,Hospitales de media y larga estancia,Servicios e Institutos de Salud de Las Comunidades Autónomas,,Sin concierto.,NO
0538000115,380201,Hospital Quironsalud Vida,Canarias,Santa Cruz De Tenerife,"Orotava, La",Calle Magnolias 2,38312,922330550,24,Hospitales Generales,Privados,,Sin concierto,NO
0538000116,380103,Hospital Parque,Canarias,Santa Cruz De Tenerife,Santa Cruz de Tenerife,Calle Méndez Núñez 40-44,38003,922274400,67,Hospitales Generales,Privados,,Sin concierto,NO
0538000118,380359,Clínica Tara,Canarias,Santa Cruz De Tenerife,Tacoronte,Calle Casas Altas S/N,38399,922563351,12,Otros Centros con Internamiento,Privados,,Concierto parcial,NO
0538000120,380282,Hospital Quirón Salud Costa Adeje,Canarias,Santa Cruz De Tenerife,Adeje,Urbanización San Eugenio S/N,38660,922752626,62,Hospitales Generales,Privados,,Sin concierto,NO
0538000121,380146,Hospital Universitario Hospiten Sur,Canarias,Santa Cruz De Tenerife,Arona,Calle Av. Marítima 8,38660,922750032,242,Hospitales Generales,Privados,,Concierto parcial,SI
0538000126,380223,Hospital Universitario Hospiten Bellevue,Canarias,Santa Cruz De Tenerife,Puerto de la Cruz,Calle Alemania 4,38400,922368822;922383551,199,Hospitales Generales,Privados,,Concierto parcial,SI
0538000130,380099,Vithas Hospital Santa Cruz,Canarias,Santa Cruz De Tenerife,Santa Cruz de Tenerife,Calle Enrique Wolfson 8,38006,922534733,62,Hospitales Generales,Privados,,Sin concierto,NO
0538000373,380295,Hospital Universitario Hospiten Rambla,Canarias,Santa Cruz De Tenerife,Santa Cruz de Tenerife,Rambla Santa Cruz 115,38001,922291600,97,Hospitales Generales,Privados,,Sin concierto,NO
0538000536,380086,Hospital Quirón Salud Tenerife,Canarias,Santa Cruz De Tenerife,Santa Cruz de Tenerife,Calle Poeta Rodriguez Herrera 1,38006,922270700,187,Hospitales Generales,Privados,,Concierto parcial,SI
0538001244,380064,Hospital San Juan de Dios Tenerife,Canarias,Santa Cruz De Tenerife,Santa Cruz de Tenerife,Carretera Santa Cruz Laguna 53,38009,922645511,141,Hospitales Generales,Organizaciones No Gubernamentales,,Concierto parcial,SI
0538001821,380178,Hospital Universitario de Canarias,Canarias,Santa Cruz De Tenerife,San Cristóbal de La Laguna,Carretera Cuesta Taco S/N,38320,922678000,681,Hospitales Generales,Servicios e Institutos de Salud de Las Comunidades Autónomas,,Sin concierto.,NO
0538001932,380027,Hospital Universitario Nuestra Señora de Candelaria,Canarias,Santa Cruz De Tenerife,Santa Cruz de Tenerife,Carretera Rosario (Del) 145,38010,922602000,839,Hospitales Generales,Servicios e Institutos de Salud de Las Comunidades Autónomas,,Sin concierto.,NO
0538002288,380276,Hospital Insular Nuestra Señora de Los Reyes,Canarias,Santa Cruz De Tenerife,Valverde,Calle Calle Los Barriales 1,38900,922 553 505;922553505,32,Hospitales Generales,Servicios e Institutos de Salud de Las Comunidades Autónomas,,Sin concierto,NO
0538002289,380244,Hospital Nuestra Señora de Guadalupe,Canarias,Santa Cruz De Tenerife,San Sebastián de la Gomera,Calle Langrero S/N,38800,922140219,40,Hospitales Generales,Servicios e Institutos de Salud de Las Comunidades Autónomas,,Sin concierto,NO
0538002290,380316,Hospital Universitario General de La Palma,Canarias,Santa Cruz De Tenerife,Breña Alta,Carretera Cumbre (De La) 28,38713,922185000,198,Hospitales Generales,Servicios e Institutos de Salud de Las Comunidades Autónomas,,Sin concierto,SI
0538002380,380348,Hospital del Sur,Canarias,Santa Cruz De Tenerife,Arona,Carretera Tf-28 21,38652,922174740,98,Hospitales Generales,Servicios e Institutos de Salud de Las Comunidades Autónomas,,Sin concierto.,NO
0538002381,380337,Hospital del Norte,Canarias,Santa Cruz De Tenerife,Icod de los Vinos,Calle Gaviotas (Las) 22,38437,922 678 061;922678061,51,Hospitales de media y larga estancia,Servicios e Institutos de Salud de Las Comunidades Autónomas,,Sin concierto.,NO
0538004230,380033,Hospital de Ofra,Canarias,Santa Cruz De Tenerife,Santa Cruz de Tenerife,Calle Santa Maria Soledad 28,38010,922602000,63,Hospitales Generales,Servicios e Institutos de Salud de Las Comunidades Autónomas,,Sin concierto.,NO
0538004244,380048,Unidades Clínicas y de Rehabilitación de Salud Mental,Canarias,Santa Cruz De Tenerife,Santa Cruz de Tenerife,Calle Domingo J Manrique 2,38006,922678000,94,Hospitales de salud mental y tratamiento de toxicomanías,Servicios e Institutos de Salud de Las Comunidades Autónomas,,Sin concierto.,NO
0538004740,380361,Centro Asistencial Polivalente USAN,Canarias,Santa Cruz De Tenerife,Santa Cruz de Tenerife,Carretera Rosario (Del) 145,38010,618797024;922602370,74,Otros Centros con Internamiento,Servicios e Institutos de Salud de Las Comunidades Autónomas,,Sin concierto,NO
0639000197,390015,Hospital Universitario Marques de Valdecilla,Cantabria,Cantabria,Santander,Avenida Valdecilla 25,39008,942202520;942202560,923,Hospitales Generales,Servicios e Institutos de Salud de Las Comunidades Autónomas,,Sin concierto,SI
0639000455,390152,Hospital Mompia,Cantabria,Cantabria,Santa Cruz de Bezana,Avenida De Los Condes S/N,39108,942584100;942584114,105,Hospitales Generales,Privados,,Sin concierto,NO
0639000456,390134,Hospital Comarcal de Laredo,Cantabria,Cantabria,Laredo,Avenida Derechos Humanos S/N,39770,942638500;942638502,131,Hospitales Generales,Servicios e Institutos de Salud de Las Comunidades Autónomas,,Sin concierto,SI
0639000462,390054,Hospital Santa Clotilde,Cantabria,Cantabria,Santander,Calle General Dávila 35,39006,942211678;942217711,127,Hospitales de media y larga estancia,Privados,,Concierto parcial,NO
0639000883,390041,Hospital Mutua Montañesa,Cantabria,Cantabria,Santander,Avenida Del Faro - Pintor Eduardo Sanz 19 BAJO,39012,942204100;942204111,30,Hospitales especializados,Mútuas Colaboradoras con La Seguridad Social,,Sin concierto,NO
0639000989,390149,Hospital Sierrallana,Cantabria,Cantabria,Torrelavega,Barrio Ganzo S/N,39300,942847400,301,Hospitales Generales,Servicios e Institutos de Salud de Las Comunidades Autónomas,,Sin concierto,SI
0639001300,390067,Centro Hospitalario Padre Menni,Cantabria,Cantabria,Santander,Avenida Cantabria 52,39012,942390060;942391260,65,Hospitales de salud mental y tratamiento de toxicomanías,Privados,,Red de utilización pública (RUP),NO
0705000769,050013,Hospital Nuestra Señora de Sonsoles,Castilla y León,Ávila,Ávila,"Avenida De Juan Carlos I, S/N S/N",05071,920358000,321,Hospitales Generales,Servicios e Institutos de Salud de Las Comunidades Autónomas,,Sin concierto.,NO
0705000770,050049,Hospital Santa Teresa,Castilla y León,Ávila,Ávila,Avenida Santa Cruz de Tenerife 11,05005,920252525,33,Hospitales Generales,Privados,,Concierto parcial,NO
0705000771,050034,Hospital Provincial de Ávila,Castilla y León,Ávila,Ávila,"Calle Jesús del Gran Poder, 42",05003,920357200,119,Hospitales Generales,Servicios e Institutos de Salud de Las Comunidades Autónomas,,Sin concierto.,NO
0705001823,050072,Hospital de Salud Mental Casta Salud Arévalo,Castilla y León,Ávila,Arévalo,"Paseo San Juan Bosco, 2",05200,920301400,80,Hospitales de salud mental y tratamiento de toxicomanías,Privados,,Sin concierto,NO
0709001369,090079,Hospital Santos Reyes,Castilla y León,Burgos,Aranda de Duero,Avenida Ruperta Baraya 6,09400,947522000,127,Hospitales Generales,Servicios e Institutos de Salud de Las Comunidades Autónomas,,Sin concierto,NO
0709001370,090098,Hospital Santiago Apóstol,Castilla y León,Burgos,Miranda de Ebro,Carretera De Oron Sn S/N,09200,947349000,114,Hospitales Generales,Servicios e Institutos de Salud de Las Comunidades Autónomas,,Sin concierto,NO
0709001371,090047,Hospital Recoletas de Burgos,Castilla y León,Burgos,Burgos,Calle Cruz Roja S/N,09006,947244055,83,Hospitales Generales,Privados,,Concierto parcial,NO
0709001373,090155,Hospital Universitario de Burgos. Complejo Asistencial Universitario de Burgos,Castilla y León,Burgos,Burgos,Avenida Islas Baleares 3,09006,947281810,777,Hospitales Generales,Servicios e Institutos de Salud de Las Comunidades Autónomas,,Sin concierto.,NO
0709001375,090050,Hospital San Juan de Dios Burgos,Castilla y León,Burgos,Burgos,Paseo De La Isla 3,09003,947257730,160,Hospitales de media y larga estancia,Organizaciones No Gubernamentales,,Concierto parcial,NO
0709001376,090026,Hospital Fuente Bermeja. Complejo Asistencial Universitario de Burgos.,Castilla y León,Burgos,Burgos,Calle Francisco Salinas Sn S/N,09003,947281810,88,Hospitales de salud mental y tratamiento de toxicomanías,Servicios e Institutos de Salud de Las Comunidades Autónomas,,Sin concierto.,NO
0724001712,240016,Hospital de León. Complejo Asistencial Universitario de León.,Castilla y León,León,León,Calle Altos de Nava S/N S/N,24080,987237400,789,Hospitales Generales,Servicios e Institutos de Salud de Las Comunidades Autónomas,,Sin concierto.,NO
0724001713,240135,Hospital El Bierzo,Castilla y León,León,Ponferrada,Calle Médicos Sin Fronteras 7,24404,987455200,413,Hospitales Generales,Servicios e Institutos de Salud de Las Comunidades Autónomas,,Sin concierto,SI
0724001714,240074,Hospital HM San Francisco,Castilla y León,León,León,Calle Marqueses de San Isidro 11,24004,987202111,75,Hospitales Generales,Privados,,Concierto parcial,NO
0724001715,240212,Clínica Ponferrada Recoletas,Castilla y León,León,Ponferrada,Camino De Santiago 101,24404,987423732,46,Hospitales Generales,Privados,,Concierto parcial,NO
0724001716,240140,Hospital de La Reina,Castilla y León,León,Ponferrada,Calle Hospital 28,24401,987409109,72,Hospitales Generales,Organizaciones No Gubernamentales,,Concierto parcial,NO
0724001717,240188,Hospital San Juan de Dios León,Castilla y León,León,San Andrés del Rabanedo,Avenida San Ignacio de Loyola 73,24010,987232500,297,Hospitales Generales,Organizaciones No Gubernamentales,,Concierto parcial,NO
0724001718,240055,HM Regla,Castilla y León,León,León,Calle Cardenal Landázuri 2,24003,987236900,130,Hospitales Generales,Organizaciones No Gubernamentales,,Concierto parcial,NO
0724001719,240021,Hospital Monte San Isidro. Complejo Asistencial Universitario de León.,Castilla y León,León,León,"Carretera Nacional N-630, Km140 S/N",24008,987227250,130,Hospitales de media y larga estancia,Servicios e Institutos de Salud de Las Comunidades Autónomas,,Sin concierto.,NO
0724001721,240220,Hospital Valle de Laciana,Castilla y León,León,Villablino,Avenida De Asturias Sn S/N,24100,987481057,15,Hospitales de media y larga estancia,Otros Centros o Establecimientos Públicos de Dependencia Autonómica,,Concierto sustitutorio,NO
0724001722,240093,Hospital Santa Isabel. Complejo Asistencial Universitario de León.,Castilla y León,León,León,Avenida De Madrid 118,24080,987203000,117,Hospitales de salud mental y tratamiento de toxicomanías,Servicios e Institutos de Salud de Las Comunidades Autónomas,,Sin concierto.,NO
0734000718,340014,Hospital Rio Carrión. Complejo Asistencial Universitario de Palencia.,Castilla y León,Palencia,Palencia,Avenida Donantes de Sangre Sn S/N,34005,979167000,376,Hospitales Generales,Servicios e Institutos de Salud de Las Comunidades Autónomas,,Sin concierto.,NO
0734000719,340029,Hospital San Telmo. Complejo Asistencial Universitario de Palencia.,Castilla y León,Palencia,Palencia,Avenida San Telmo S/N,34004,979167000,119,Hospitales Generales,Servicios e Institutos de Salud de Las Comunidades Autónomas,,Sin concierto.,NO
0734000720,340053,Hospital Recoletas de Palencia,Castilla y León,Palencia,Palencia,Avenida Simón Nieto 31-34,34005,979747700,22,Hospitales Generales,Privados,,Concierto parcial,NO
0734000721,340035,Hospital Psiquiátrico San Luis,Castilla y León,Palencia,Palencia,Carretera De Burgos Sn S/N,34004,979165324,206,Hospitales de salud mental y tratamiento de toxicomanías,Organizaciones No Gubernamentales,,Concierto parcial,NO
0734000722,340040,Área Psiquiatrica San Juan de Dios,Castilla y León,Palencia,Palencia,Paseo Padre Faustino Calvo 46,34005,979742300,97,Hospitales de salud mental y tratamiento de toxicomanías,Privados,,Concierto parcial,NO
0737001403,370037,Hospital Universitario de Salamanca. Complejo Asistencial Universitario de Salmanca,Castilla y León,Salamanca,Salamanca,Paseo De San Vicente 58-182,37007,923291160,814,Hospitales Generales,Servicios e Institutos de Salud de Las Comunidades Autónomas,,Sin concierto.,NO
0737001404,370074,Hospital Los Montalvos. Complejo Asistencial Universitario de Salamanca.,Castilla y León,Salamanca,Carrascal de Barregas,"Carretera Ciudad Rodrigo, S/N S/N",37192,923330163,183,Hospitales Generales,Servicios e Institutos de Salud de Las Comunidades Autónomas,,Sin concierto.,NO
0737001405,370055,Hospital General de La Santísima Trinidad,Castilla y León,Salamanca,Salamanca,"Paseo De Carmelitas, 74-94",37007,923269300,106,Hospitales Generales,Privados,,Sin concierto,NO
0740000778,400019,Hospital General de Segovia Complejo Asistencial de Segovia,Castilla y León,Segovia,Segovia,Calle Luis Erik Claveria Neurólogo Sn S/N,40002,921419100,381,Hospitales Generales,Servicios e Institutos de Salud de Las Comunidades Autónomas,,Sin concierto,SI
0740000779,400045,Hospital Recoletas Segovia Nuestra Señora de La Misericordia,Castilla y León,Segovia,Segovia,Calle Doctor Velasco 21-23,40003,921460112,36,Hospitales Generales,Privados,,Concierto parcial,NO
0742000617,420011,"Hospital Santa Barbara ,Complejo Asistencial de Soria",Castilla y León,Soria,Soria,"Paseo De Santa Barbara, S/N S/N",42005,975234300,232,Hospitales Generales,Servicios e Institutos de Salud de Las Comunidades Autónomas,,Sin concierto.,NO
0742000618,420026,"Hospital Virgen del Mirón ,Complejo Asistencial de Soria",Castilla y León,Soria,Soria,Carretera De Logroño 8,42005,975220850,91,Hospitales de media y larga estancia,Servicios e Institutos de Salud de Las Comunidades Autónomas,,Sin concierto.,NO
0742001402,420051,Hospital Latorre,Castilla y León,Soria,Soria,"Camino De Los Royales, 8 S/N",42005,975950450,29,Hospitales Generales,Privados,,Concierto parcial,NO
0747001312,470029,Hospital Clínico Universitario de Valladolid,Castilla y León,Valladolid,Valladolid,Avenida Ramon y Cajal 3,47003,983420000,777,Hospitales Generales,Servicios e Institutos de Salud de Las Comunidades Autónomas,,Sin concierto,SI
0747001314,470091,Hospital Medina del Campo,Castilla y León,Valladolid,Medina del Campo,Calle Peñaranda de Bracamonte 24,47400,983838000,119,Hospitales Generales,Servicios e Institutos de Salud de Las Comunidades Autónomas,,Sin concierto,NO
0747001315,470113,Hospital Recoletas Campo Grande,Castilla y León,Valladolid,Valladolid,Plaza De Colon Sn S/N,47007,983135555,99,Hospitales Generales,Privados,,Concierto parcial,NO
0747001316,470105,Hospital de Valladolid Felipe Ir,Castilla y León,Valladolid,Valladolid,Calle Felipe Ir 9,47003,983358000,79,Hospitales Generales,Privados,,Concierto parcial,NO
0747001317,470053,Sanatorio Sagrado Corazón,Castilla y León,Valladolid,Valladolid,Calle Fidel Recio 1,47002,983299000,48,Hospitales Generales,Organizaciones No Gubernamentales,,Concierto parcial,NO
0747001319,470014,Hospital Universitario Rio Hortega,Castilla y León,Valladolid,Valladolid,Calle Dulzaina 2,47012,983420400,596,Hospitales Generales,Servicios e Institutos de Salud de Las Comunidades Autónomas,,Sin concierto,SI
0747001322,470072,Centro Hospitalario Benito Menni,Castilla y León,Valladolid,Valladolid,Paseo Juan Carlos I 10,47008,983272600,240,Hospitales de media y larga estancia,Organizaciones No Gubernamentales,,Concierto parcial,NO
0747004211,470124,Hospital Casaverde Valladolid,Castilla y León,Valladolid,Valladolid,Calle Universo C.V. A C Astrofísico Carlos Sánchez Magro S/N,47011,0034000000000,99,Hospitales especializados,Privados,,Concierto parcial,NO
0749000895,490013,Hospital Virgen de La Concha Complejo Asistencial de Zamora,Castilla y León,Zamora,Zamora,Avenida Requejo 35,49022,980548200,349,Hospitales Generales,Servicios e Institutos de Salud de Las Comunidades Autónomas,,Sin concierto.,NO
0749000896,490028,Hospital Provincial de Zamora Complejo Asistencial de Zamora,Castilla y León,Zamora,Zamora,Calle Hernan Cortes 40,49021,980520200,140,Hospitales Generales,Servicios e Institutos de Salud de Las Comunidades Autónomas,,Sin concierto.,NO
0749000897,490065,Hospital de Benavente Complejo Asistencial de Zamora,Castilla y León,Zamora,Benavente,Calle Hospital San Juan 4-6,49600,980631900,51,Hospitales Generales,Servicios e Institutos de Salud de Las Comunidades Autónomas,,Sin concierto.,NO
0749000898,490081,Hospital Recoletas de Zamora,Castilla y León,Zamora,Zamora,Calle Pinar 7,49023,980545300,44,Hospitales Generales,Privados,,Concierto parcial,NO
0802000003,020096,Hospital de Hellín,Castilla-La Mancha,Albacete,Hellín,Calle Juan Ramon Jimenez 40,02400,967309500,135,Hospitales Generales,Servicios e Institutos de Salud de Las Comunidades Autónomas,,Sin concierto,SI
0802000031,020100,Hospital Quironsalud Albacete,Castilla-La Mancha,Albacete,Albacete,Plaza Del Madroño 11,02008,967190072,65,Hospitales Generales,Privados,,Concierto parcial,NO
0802000048,020061,Hospital Quironsalud Santa Cristina,Castilla-La Mancha,Albacete,Albacete,Calle Perez Galdós 7-9,02003,967223300,42,Hospitales Generales,Privados,,Concierto parcial,NO
0802000130,020030,Hospital General Universitario de Albacete,Castilla-La Mancha,Albacete,Albacete,Calle Hermanos Falco 37,02006,967597100,510,Hospitales Generales,Servicios e Institutos de Salud de Las Comunidades Autónomas,,Sin concierto.,NO
0802000374,020117,Hospital Universitario Nuestra Señora del Perpetuo Socorro,Castilla-La Mancha,Albacete,Albacete,Calle Seminario 4,02006,967597799,159,Hospitales Generales,Servicios e Institutos de Salud de Las Comunidades Autónomas,,Sin concierto.,NO
0802000515,020158,Centro de Atención A La Salud Mental La Milagrosa,Castilla-La Mancha,Albacete,Albacete,Travesía De La Igualdad S/N,02006,000000000,30,Hospitales de salud mental y tratamiento de toxicomanías,Servicios e Institutos de Salud de Las Comunidades Autónomas,,Sin concierto.,NO
0802000755,020136,Hospital General de Almansa,Castilla-La Mancha,Albacete,Almansa,Avenida Adolfo Suarez S/N,02640,967339526,93,Hospitales Generales,Servicios e Institutos de Salud de Las Comunidades Autónomas,,Sin concierto,SI
0802000780,020147,Hospital General de Villarrobledo,Castilla-La Mancha,Albacete,Villarrobledo,"Avenida Miguel de Cervantes C/V Ctra. Provencio KM. 0,3",02600,967133000,114,Hospitales Generales,Servicios e Institutos de Salud de Las Comunidades Autónomas,,Sin concierto,SI
0813000043,130049,Hospital Quironsalud Ciudad Real,Castilla-La Mancha,Ciudad Real,Ciudad Real,Calle Alisos 19,13002,926255008,55,Hospitales Generales,Privados,,Concierto parcial,NO
0813000450,130052,Hospital General La Mancha Centro,Castilla-La Mancha,Ciudad Real,Alcázar de San Juan,Avenida De La Constitución 3,13600,926580500,362,Hospitales Generales,Servicios e Institutos de Salud de Las Comunidades Autónomas,,Sin concierto,SI
0813000577,130065,Hospital Virgen de Altagracia,Castilla-La Mancha,Ciudad Real,Manzanares,Avenida D. Emiliano Garcia Roldan 2,13200,926646000,118,Hospitales Generales,Servicios e Institutos de Salud de Las Comunidades Autónomas,,Sin concierto,SI
0813000578,130071,Hospital Santa Barbara,Castilla-La Mancha,Ciudad Real,Puertollano,Carretera Malagón S/Nº,13500,926421100,141,Hospitales Generales,Servicios e Institutos de Salud de Las Comunidades Autónomas,,Sin concierto,SI
0813000583,130034,Servicios Sanitarios y Asistenciales,Castilla-La Mancha,Ciudad Real,Ciudad Real,Ronda Del Carmen S/Nº,13002,926221178,87,Hospitales de salud mental y tratamiento de toxicomanías,Servicios e Institutos de Salud de Las Comunidades Autónomas,,Sin concierto,NO
0813000584,130087,Hospital General de Valdepeñas,Castilla-La Mancha,Ciudad Real,Valdepeñas,Avenida De Los Estudiantes S/Nº,13300,926320200,103,Hospitales Generales,Servicios e Institutos de Salud de Las Comunidades Autónomas,,Sin concierto,NO
0813000595,130127,Hospital General Universitario de Ciudad Real,Castilla-La Mancha,Ciudad Real,Ciudad Real,Calle Obispo Rafael Torija S/N,13005,926278000,564,Hospitales Generales,Servicios e Institutos de Salud de Las Comunidades Autónomas,,Sin concierto,SI
0813000931,130128,Hospital General de Tomelloso,Castilla-La Mancha,Ciudad Real,Tomelloso,Calle Vereda de Socuellamos S/N,13700,926525800,155,Hospitales Generales,Servicios e Institutos de Salud de Las Comunidades Autónomas,,Sin concierto,SI
0816000170,160014,Hospital Virgen de La Luz,Castilla-La Mancha,Cuenca,Cuenca,Calle Hermandad Donantes de Sangre 1,16002,969179900,388,Hospitales Generales,Servicios e Institutos de Salud de Las Comunidades Autónomas,,Sin concierto,SI
0816000342,160053,"Hospital Recoletas Cuenca, S.L.U.",Castilla-La Mancha,Cuenca,Cuenca,Avenida De San Julián 1,16003,969232500,30,Hospitales Generales,Privados,,Sin concierto,NO
0819000009,190019,Hospital Universitario de Guadalajara,Castilla-La Mancha,Guadalajara,Guadalajara,Avenida Donantes de Sangre S/N,19002,949209200,496,Hospitales Generales,Servicios e Institutos de Salud de Las Comunidades Autónomas,,Sin concierto,SI
0819000010,190077,Instituto de Enfermedades Neurológicas de Castilla-La Mancha,Castilla-La Mancha,Guadalajara,Guadalajara,Paseo De La Estación 2,19004,949211500,147,Hospitales de media y larga estancia,Servicios e Institutos de Salud de Las Comunidades Autónomas,,Sin concierto,NO
0819000025,190030,Hospital La Antigua,Castilla-La Mancha,Guadalajara,Guadalajara,Calle Constitución 18,19003,949223600,63,Hospitales Generales,Privados,,Concierto parcial,NO
0819000180,190061,U.R.R. de Enfermos Psíquicos Alcohete,Castilla-La Mancha,Guadalajara,Yebes,Paseo Conde Romanones S/N S/N,19141,949291136,165,Hospitales de salud mental y tratamiento de toxicomanías,Otros Centros o Establecimientos Públicos de Dependencia Autonómica,,Sin concierto,NO
0819000193,190045,Clínica Doctor Sanz Vázquez,Castilla-La Mancha,Guadalajara,Guadalajara,Paseo Doctor Fernandez Iparraguirre 6,19001,949227200,40,Hospitales Generales,Privados,,Concierto parcial,NO
0845000003,450041,Hospital Provincial Ntra.Sra. De La Misericordia,Castilla-La Mancha,Toledo,Toledo,Calle San Servando S/N,45006,925259350,40,Hospitales Generales,Servicios e Institutos de Salud de Las Comunidades Autónomas,,Sin concierto.,NO
0845000006,450089,Hospital Parque Marazuela,Castilla-La Mancha,Toledo,Talavera de la Reina,Avenida De Extremadura 5,45600,925815281,15,Hospitales Generales,Privados,,Sin concierto,NO
0845000027,450133,Centro de Tratamiento de Drogodependientes El Alba,Castilla-La Mancha,Toledo,Toledo,"Carretera Puebla de Montalbán KM. 3,6",45071,925216154,18,Hospitales de salud mental y tratamiento de toxicomanías,Otros Centros o Establecimientos Públicos de Dependencia Autonómica,,Sin concierto,NO
0845000584,450122,Hospital Quironsalud Toledo,Castilla-La Mancha,Toledo,Toledo,Calle Urbanización Tres Culturas S/N,45005,925266100,78,Hospitales Generales,Privados,,Concierto parcial,NO
0845000704,450020,Hospital Geriátrico Virgen del Valle,Castilla-La Mancha,Toledo,Toledo,Carretera Cobisa S/N,45004,925269300,155,Hospitales Generales,Servicios e Institutos de Salud de Las Comunidades Autónomas,,Sin concierto.,NO
0845000713,450113,Hospital San José Solimat,Castilla-La Mancha,Toledo,Toledo,Calle San Pedro El Verde 35,45004,925215267,10,Hospitales Generales,Mútuas Colaboradoras con La Seguridad Social,,Sin concierto,NO
0845000810,450067,Hospital General Nuestra Señora del Prado,Castilla-La Mancha,Toledo,Talavera de la Reina,Carretera Madrid KM 114,45600,925803600,312,Hospitales Generales,Servicios e Institutos de Salud de Las Comunidades Autónomas,,Sin concierto,SI
0845000812,450036,Hospital Nacional de Parapléjicos,Castilla-La Mancha,Toledo,Toledo,Calle Finca de La Peraleda S/N,45071,925247700,210,Hospitales especializados,Servicios e Institutos de Salud de Las Comunidades Autónomas,,Sin concierto,SI
0845002598,450144,Hospital Universitario de Toledo (Hut),Castilla-La Mancha,Toledo,Toledo,Avenida Rio Guadiana S/N,45007,925269200,861,Hospitales Generales,Servicios e Institutos de Salud de Las Comunidades Autónomas,,Sin concierto.,NO
0908005135,080673,Hospital Municipal de Badalona,Cataluña,Barcelona,Badalona,Vía Augusta 9,08911,934648300,140,Hospitales Generales,Municipio,,Red de utilización pública (RUP),NO
0908005136,080351,Hestia Palau.,Cataluña,Barcelona,Barcelona,"Calle Sant Antoni Maria Claret , 135",08025,934501819,391,Hospitales de media y larga estancia,Privados,,Red de utilización pública (RUP),NO
0908005137,080364,Hospital Universitari Sagrat Cor,Cataluña,Barcelona,Barcelona,Calle Viladomat 288,08029,933221111,367,Hospitales Generales,Privados,,Red de utilización pública (RUP),SI
0908005138,080370,Clínica Corachan,Cataluña,Barcelona,Barcelona,Calle Buigas 19,08017,932545800,162,Hospitales Generales,Privados,,Sin concierto,NO
0908005139,080386,Clínica Tres Torres,Cataluña,Barcelona,Barcelona,Calle Doctor Roux 76,08017,932041300,64,Hospitales Generales,Privados,,Sin concierto,NO
0908005140,080291,Hospital de La Santa Creu I Sant Pau,Cataluña,Barcelona,Barcelona,Calle Sant Quinti 89,08041,935537160,644,Hospitales Generales,Privados,,Red de utilización pública (RUP),SI
0908005141,080543,Hestia Duran I Reynals,Cataluña,Barcelona,"Hospitalet de Llobregat, L'",Avenida Gran Vía 203,08908,934170400,428,Hospitales de media y larga estancia,Privados,,Red de utilización pública (RUP),NO
0908005142,080399,Hospital Quironsalud Barcelona,Cataluña,Barcelona,Barcelona,Plaza Alfons Comín 5,08023,932850000,192,Hospitales Generales,Privados,,Sin concierto,NO
0908005143,080403,HM Nou Delfos,Cataluña,Barcelona,Barcelona,Avenida Vallcarca 151,08023,932545183,264,Hospitales Generales,Privados,,Sin concierto,NO
0908005144,080180,Hospital El Pilar,Cataluña,Barcelona,Barcelona,Calle Balmes 271,08006,932360500,186,Hospitales Generales,Privados,,Sin concierto,SI
0908005145,080497,Centre Hospitalari Policlínica Barcelona,Cataluña,Barcelona,Barcelona,Calle Guillem Tell 4,08006,934161616,28,Hospitales Generales,Privados,,Sin concierto,SI
0908005146,080556,"Serveis Clinics, S.A.",Cataluña,Barcelona,Barcelona,Calle Garcia Mariño 4,08022,934174602,50,Hospitales de media y larga estancia,Privados,,Red de utilización pública (RUP),NO
0908005147,080575,Clínica Coroleu - Ssr Hestia.,Cataluña,Barcelona,Barcelona,Calle Coroleu 50,08030,931165500,74,Hospitales de salud mental y tratamiento de toxicomanías,Privados,,Red de utilización pública (RUP),NO
0908005149,082167,Clínica Diagonal,Cataluña,Barcelona,Esplugues de Llobregat,Calle Sant Mateu 24-26,08950,932053213,101,Hospitales Generales,Privados,,Sin concierto,SI
0908005150,080057,Hospital del Mar,Cataluña,Barcelona,Barcelona,Paseo Maritim de La Barceloneta 25-29,08003,932483000,470,Hospitales Generales,Otras Entidades u o rganismos Públicos,,Red de utilización pública (RUP),SI
0908005151,080431,"Hospital Clinic de Barcelona, Seu Plato",Cataluña,Barcelona,Barcelona,Calle Plato 21,08006,933069900,168,Hospitales Generales,Otras Entidades u o rganismos Públicos,,Sin concierto,NO
0908005152,080446,Hospital Universitari Quirón Dexeus,Cataluña,Barcelona,Barcelona,Calle Sabino de Arana 5-19,08028,932274747,170,Hospitales Generales,Privados,,Sin concierto,SI
0908005153,080109,Hospital Clinic de Barcelona,Cataluña,Barcelona,Barcelona,Calle Villarroel 170,08036,932275400,844,Hospitales Generales,Otras Entidades u o rganismos Públicos,,Red de utilización pública (RUP),SI
0908005154,080174,Hospital Dos de Maig,Cataluña,Barcelona,Barcelona,Calle Dos de Maig 301,08025,935072700,229,Hospitales Generales,Otras Entidades u o rganismos Públicos,,Red de utilización pública (RUP),NO
0908005155,080060,Hospital de L'Esperança.,Cataluña,Barcelona,Barcelona,Avenida Sant Josep de La Muntanya 12,08024,933674100,161,Hospitales Generales,Otras Entidades u o rganismos Públicos,,Red de utilización pública (RUP),SI
0908005157,080641,Clínica Planas,Cataluña,Barcelona,Barcelona,Calle Pere Ir de Montcada 16,08034,932032812,26,Hospitales especializados,Privados,,Sin concierto,NO
0908005159,080116,"Fremap, Hospital de Barcelona",Cataluña,Barcelona,Barcelona,Calle Madrazo 8,08006,934169100,62,Hospitales Generales,Mútuas Colaboradoras con La Seguridad Social,,Sin concierto,NO
0908005160,080137,Centre de Prevencio I Rehabilitacio Asepeyo,Cataluña,Barcelona,Sant Cugat del Vallès,Avenida Alcalde Barnils 54-60,08174,935653900,138,Hospitales Generales,Mútuas Colaboradoras con La Seguridad Social,,Sin concierto,SI
0908005161,080142,Clínica Mc Copernic,Cataluña,Barcelona,Barcelona,Calle Copernic 58,08006,934141992,60,Hospitales Generales,Mútuas Colaboradoras con La Seguridad Social,,Sin concierto,NO
0908005162,080348,Fundacio Puigvert - Iuna,Cataluña,Barcelona,Barcelona,Calle Cartagena 340,08025,934169700,124,Hospitales especializados,Privados,,Red de utilización pública (RUP),SI
0908005164,080312,Nou Hospital Evangelic,Cataluña,Barcelona,Barcelona,Calle Ciutat de Granada 108,08018,932859955,203,Hospitales de media y larga estancia,Privados,,Red de utilización pública (RUP),SI
0908005165,080229,Clínica Nostra Senyora del Remei,Cataluña,Barcelona,Barcelona,Calle Escorial 148,08024,932850010,134,Hospitales Generales,Privados,,Sin concierto,NO
0908005166,080168,Hospital Egarsat Sant Honorat,Cataluña,Barcelona,Barcelona,Avenida Tibidabo 20,08022,932127000,14,Hospitales Generales,Mútuas Colaboradoras con La Seguridad Social,,Sin concierto,NO
0908005167,080235,Clínica Sagrada Familia,Cataluña,Barcelona,Barcelona,Calle Torras I Pujalt 1,08022,932122300,150,Hospitales Generales,Privados,,Sin concierto,NO
0908005168,080214,Hospital Sant Rafael,Cataluña,Barcelona,Barcelona,Paseo Vall D'Hebron 107,08035,932112508,213,Hospitales Generales,Otras Entidades u o rganismos Públicos,,Red de utilización pública (RUP),NO
0908005169,080044,"Hospital Clinic de Barcelona, Seu Sabino de Arana",Cataluña,Barcelona,Barcelona,Calle Sabino de Arana 1,08028,932275600,130,Hospitales especializados,Otras Entidades u o rganismos Públicos,,Red de utilización pública (RUP),SI
0908005171,080478,"Centro Medico Teknon, Grupo Quironsalud",Cataluña,Barcelona,Barcelona,Calle Vilana 12,08022,932906242,285,Hospitales Generales,Privados,,Sin concierto,NO
0908005172,080538,Centre D'Oftalmologia Barraquer,Cataluña,Barcelona,Barcelona,Calle Muntaner 314,08021,936025342,70,Hospitales especializados,Privados,,Sin concierto,SI
0908005173,080333,Institut Guttmann,Cataluña,Barcelona,Badalona,Camino Can Ruti S/N,08916,934977700,152,Hospitales especializados,Privados,,Red de utilización pública (RUP),SI
0908005174,080253,Hospital Mare de Déu de La Mercé?,Cataluña,Barcelona,Barcelona,Paseo Universal 34,08042,934275250,113,Hospitales de salud mental y tratamiento de toxicomanías,Privados,,Red de utilización pública (RUP),NO
0908005175,080692,Hospital de Berga,Cataluña,Barcelona,Berga,Carretera De Ribes 47,08600,938243400,150,Hospitales Generales,Servicios e Institutos de Salud de Las Comunidades Autónomas,,Red de utilización pública (RUP),NO
0908005176,080706,Hospital Comarcal Sant Jaume de Calella,Cataluña,Barcelona,Calella,Calle Sant Jaume 209-217,03500,937690201,233,Hospitales Generales,Privados,,Red de utilización pública (RUP),SI
0908005177,080713,Hospital de Sant Joan de Deu.,Cataluña,Barcelona,Esplugues de Llobregat,Calle Sant Joan de Deu 2,08950,932804000,438,Hospitales especializados,Privados,,Red de utilización pública (RUP),SI
0908005178,080728,Clínica Nostra Senyora de Guadalupe,Cataluña,Barcelona,Esplugues de Llobregat,Calle Francesc Moragas 2,08950,934702970,159,Hospitales de media y larga estancia,Privados,,Red de utilización pública (RUP),NO
0908005179,080734,Hospital General de Granollers.,Cataluña,Barcelona,Granollers,Avenida Francesc Ribas 1,08402,938425000,316,Hospitales Generales,Privados,,Red de utilización pública (RUP),SI
0908005180,080771,Hospital General de L'Hospitalet,Cataluña,Barcelona,"Hospitalet de Llobregat, L'",Avenida Josep Molins 29,08906,934407500,102,Hospitales Generales,Otras Entidades u o rganismos Públicos,,Red de utilización pública (RUP),SI
0908005181,080752,Hospital Universitari de Bellvitge,Cataluña,Barcelona,"Hospitalet de Llobregat, L'",Calle Feixa Llarga S/N,08907,932607510,1086,Hospitales Generales,Servicios e Institutos de Salud de Las Comunidades Autónomas,,Red de utilización pública (RUP),SI
0908005182,080787,Fundacio Sanitaria Sant Josep,Cataluña,Barcelona,Igualada,Calle Carme Verdaguer 56,08700,938032650,145,Hospitales de media y larga estancia,Privados,,Red de utilización pública (RUP),NO
0908005183,080826,Hospital de Sant Jaume,Cataluña,Barcelona,Manlleu,Carretera D'Olot 7,08560,938506565,90,Hospitales de media y larga estancia,Otras Entidades u o rganismos Públicos,,Red de utilización pública (RUP),NO
0908005184,080879,Hospital de Sant Andreu,Cataluña,Barcelona,Manresa,Calle Remei de Dalt 3,08240,938743312,191,Hospitales de media y larga estancia,Privados,,Red de utilización pública (RUP),NO
0908005186,080832,Clínica Sant Josep,Cataluña,Barcelona,Manresa,Calle Caputxins 16,08241,938744050,95,Hospitales Generales,Privados,,Sin concierto,SI
0908005187,080885,Germanes Hospitalaries. Hospital Sagrat Cor,Cataluña,Barcelona,Martorell,Avenida Comte de Llobregat 117,08760,937752200,428,Hospitales de salud mental y tratamiento de toxicomanías,Privados,,Red de utilización pública (RUP),SI
0908005188,080898,Fundacio Hospital Sant Joan de Deu (Martorell),Cataluña,Barcelona,Martorell,Avenida Mancomunitats Comarcals 1,08760,937742020,112,Hospitales Generales,Privados,,Red de utilización pública (RUP),SI
0908005189,080930,"Centre Medic Molins, S.L.",Cataluña,Barcelona,Molins de Rei,Paseo Del Terraple 97,08750,936680004,177,Hospitales de media y larga estancia,Privados,,Red de utilización pública (RUP),NO
0908005190,080945,Hospital de Mollet,Cataluña,Barcelona,Mollet del Vallès,Ronda Pinetons 6-8,08100,935760300,174,Hospitales Generales,Privados,,Red de utilización pública (RUP),SI
0908005192,080977,"Benito Menni, Complex Assistencial En Salut Mental",Cataluña,Barcelona,Sant Boi de Llobregat,Calle Doctor Antoni Pujadas 38,08830,936402400,774,Hospitales de salud mental y tratamiento de toxicomanías,Otras Entidades u o rganismos Públicos,,Red de utilización pública (RUP),SI
0908005193,080983,Parc Sanitari Sant Joan de Deu - Recinte Sant Boi.,Cataluña,Barcelona,Sant Boi de Llobregat,Calle Dr. Antoni Pujadas 42,08830,936406350,1065,Hospitales Generales,Privados,,Red de utilización pública (RUP),SI
0908005194,081000,Hospital de Sant Celoni.,Cataluña,Barcelona,Sant Celoni,Avenida De L'Hospital 19,08470,938670617,100,Hospitales Generales,Privados,,Red de utilización pública (RUP),NO
0908005195,081022,Casal de Curacio,Cataluña,Barcelona,Vilassar de Mar,Calle Maria Vidal 19,08340,937590241,81,Hospitales de media y larga estancia,Privados,,Red de utilización pública (RUP),SI
0908005196,081038,Hospital Residencia Sant Camil - Consorci Sanitari de L'Alt Penedés I Garraf,Cataluña,Barcelona,Sant Pere de Ribes,Ronda Sant Camil S/N,08810,938960025,295,Hospitales Generales,Otras Entidades u o rganismos Públicos,,Red de utilización pública (RUP),SI
0908005197,081069,Fundacio Hospital de L'Esperit Sant,Cataluña,Barcelona,Santa Coloma de Gramenet,Avenida Mossen Josep Pons I Robada  S/N,08923,933869648,177,Hospitales Generales,Privados,,Red de utilización pública (RUP),SI
0908005198,081056,Centres Assistencials Dr. Emili Mira I López (Recinte Torribera).,Cataluña,Barcelona,Santa Coloma de Gramenet,Calle Prat de La Riba 171,08921,934628926,454,Hospitales de salud mental y tratamiento de toxicomanías,Otras Entidades u o rganismos Públicos,,Red de utilización pública (RUP),SI
0908005199,081081,Hospital de Sant Llatzer,Cataluña,Barcelona,Terrassa,Plaza Doctor Robert 1,08221,937837111,77,Hospitales de media y larga estancia,Otras Entidades u o rganismos Públicos,,Red de utilización pública (RUP),SI
0908005200,081094,Hospital Universitari Mutua de Terrassa,Cataluña,Barcelona,Terrassa,Plaza Doctor Robert 5,08221,937365050,534,Hospitales Generales,Privados,,Red de utilización pública (RUP),SI
0908005202,081115,Clínica Sant Josep,Cataluña,Barcelona,Vic,Calle Sant Segimon 3,08500,938861700,21,Hospitales Generales,Privados,,Sin concierto,SI
0908005203,081120,Hospital de La Santa Creu,Cataluña,Barcelona,Vic,Rambla Hospital 52,08500,938833300,127,Hospitales de media y larga estancia,Privados,,Red de utilización pública (RUP),NO
0908005204,081189,Hospital Sant Antoni Abat - Consorci Sanitari del Garraf.,Cataluña,Barcelona,Vilanova i la Geltrú,Calle Sant Josep 21,08800,938931616,111,Hospitales de media y larga estancia,Otras Entidades u o rganismos Públicos,,Red de utilización pública (RUP),SI
0908005205,080667,Hospital Universitari Germans Trías I Pujol de Badalona,Cataluña,Barcelona,Badalona,Carretera Canyet S/N,08916,934651200,616,Hospitales Generales,Servicios e Institutos de Salud de Las Comunidades Autónomas,,Red de utilización pública (RUP),SI
0908005206,081017,Hospital Universitari General de Catalunya,Cataluña,Barcelona,Sant Cugat del Vallès,Calle Pedro I Pons 1,08195,935656000,304,Hospitales Generales,Privados,,Red de utilización pública (RUP),SI
0908005207,081075,Hospital de Terrassa.,Cataluña,Barcelona,Terrassa,Carretera Torrebonica S/N,08227,937310007,460,Hospitales Generales,Otras Entidades u o rganismos Públicos,,Red de utilización pública (RUP),SI
0908005208,080958,Hospital de Sabadell,Cataluña,Barcelona,Sabadell,Calle Parc Taulí­ 1,08208,937231010,861,Hospitales Generales,Otras Entidades u o rganismos Públicos,,Red de utilización pública (RUP),SI
0908005209,081108,Hospital General de Vic,Cataluña,Barcelona,Vic,Calle Francesc Pla El Vigata 1,08500,938891111,292,Hospitales Generales,Otras Entidades u o rganismos Públicos,,Red de utilización pública (RUP),SI
0908005210,081141,Hospital de Viladecans,Cataluña,Barcelona,Viladecans,Avenida Gava 38,08840,936590111,110,Hospitales Generales,Servicios e Institutos de Salud de Las Comunidades Autónomas,,Red de utilización pública (RUP),SI
0908005211,080484,Hospital de Barcelona,Cataluña,Barcelona,Barcelona,Avenida Diagonal 660,08034,932542400,350,Hospitales Generales,Privados,,Sin concierto,SI
0908005212,081234,Centre Sociosanitari Verge del Puig,Cataluña,Barcelona,Sant Celoni,Calle Campins 37,08470,938673995,40,Hospitales de media y larga estancia,Privados,,Red de utilización pública (RUP),NO
0908005213,081228,Prytanis Sant Boi Centre Sociosanitari,Cataluña,Barcelona,Sant Boi de Llobregat,Calle Josep Torras I Bages 55,08830,936300931,122,Hospitales de media y larga estancia,Privados,,Red de utilización pública (RUP),NO
0908005214,080689,Centre Sociosanitari El Carme,Cataluña,Barcelona,Badalona,"Camino Sant Jeroni de La Murtra, 60",08917,935074710,210,Hospitales de media y larga estancia,Municipio,,Red de utilización pública (RUP),NO
0908005215,081192,Centre Sociosanitari Can Torras,Cataluña,Barcelona,Alella,Calle Ferrer I Guardia 9,08328,935551994,119,Hospitales de media y larga estancia,Privados,,Red de utilización pública (RUP),SI
0908005216,081213,Centre Geriatric del Maresme,Cataluña,Barcelona,Mataró,Calle Lepant 13-21,08301,937965003,125,Hospitales de media y larga estancia,Privados,,Red de utilización pública (RUP),NO
0908005217,080863,Hospital de Sant Joan de Deu (Manresa),Cataluña,Barcelona,Manresa,Calle Joan Soler 1-3,08243,939744050,288,Hospitales Generales,Privados,,Red de utilización pública (RUP),SI
0908005218,081304,Residencia Puig-Reig,Cataluña,Barcelona,Puig-reig,Calle Llobregat 75,08692,938380045,30,Hospitales de media y larga estancia,Privados,,Red de utilización pública (RUP),NO
0908005219,081287,Residencia L'Estada,Cataluña,Barcelona,Sant Andreu de Llavaneres,Camino De La Masía S/N,08392,937926612,60,Hospitales de media y larga estancia,Privados,,Red de utilización pública (RUP),NO
0908005220,081311,Residencia Santa Susanna,Cataluña,Barcelona,Caldes de Montbui,Calle Font I Boet 16,08140,938654994,99,Hospitales de media y larga estancia,Privados,,Red de utilización pública (RUP),NO
0908005221,081350,Centre Polivalent Can Fosc,Cataluña,Barcelona,"Ametlla del Vallès, L'",Carretera De Llerona S/N,08480,938432786,56,Hospitales de media y larga estancia,Privados,,Red de utilización pública (RUP),NO
0908005225,081379,Hospital Sociosanitari Mutuam Güell,Cataluña,Barcelona,Barcelona,Calle Mare de Deu de La Salut 49,08024,932133400,167,Hospitales de media y larga estancia,Privados,,Red de utilización pública (RUP),SI
0908005226,081616,Comunitat Terapéutica Arenys de Munt,Cataluña,Barcelona,Arenys de Munt,Carretera Barri Orient Can Zariquiey 26,08358,937938006,42,Hospitales de salud mental y tratamiento de toxicomanías,Privados,,Red de utilización pública (RUP),NO
0908005227,081402,"Mutua de Granollers, Mutua de Previsio Social A Prima Fixa",Cataluña,Barcelona,Granollers,Plaza Pau Casals S/N,08402,938708099,20,Hospitales Generales,Privados,,Sin concierto,NO
0908005228,081728,Hospital General Penitenciari,Cataluña,Barcelona,Terrassa,Carretera Torrebonica S/N,08227,937317861,32,Hospitales Generales,Otras Entidades u o rganismos Públicos,,Sin concierto,NO
0908005229,081430,Hospital Comarcal de L'Alt Penedés,Cataluña,Barcelona,Vilafranca del Penedès,Calle Espirall S/N,08720,938180440,144,Hospitales Generales,Otras Entidades u o rganismos Públicos,,Red de utilización pública (RUP),SI
0908005230,081461,Institut Catalá D'Oncologia - Hospital Duran I Reynals,Cataluña,Barcelona,"Hospitalet de Llobregat, L'",Avenida Gran Vía 203,08908,933357011,126,Hospitales especializados,Otras Entidades u o rganismos Públicos,,Red de utilización pública (RUP),NO
0908005231,081458,Aptima Centre Clinic - Mutua de Terrassa,Cataluña,Barcelona,Terrassa,Plaza Doctor Robert 5,08221,937365072,70,Hospitales Generales,Privados,,Sin concierto,NO
0908005232,081483,Sar Mont Marti,Cataluña,Barcelona,Puig-reig,Carretera Casserres (Abans Po. La Sala S/N) 1,08692,938290138,20,Hospitales de media y larga estancia,Privados,,Red de utilización pública (RUP),NO
0908005236,081568,Ita Canet,Cataluña,Barcelona,Canet de Mar,Ronda Sant Elm 2,08360,932530137,77,Hospitales especializados,Privados,,Sin concierto,NO
0908005237,081326,Hospital de Mataró,Cataluña,Barcelona,Mataró,Carretera Cirera 230,08304,937417700,402,Hospitales Generales,Otras Entidades u o rganismos Públicos,,Red de utilización pública (RUP),SI
0908005238,081574,Clínica Lluria,Cataluña,Barcelona,Barcelona,Pasaje Mercader 14,08008,934882142,40,Hospitales de salud mental y tratamiento de toxicomanías,Privados,,Red de utilización pública (RUP),SI
0908005240,081580,Antic Hospital de Sant Jaume I Santa Magdalena,Cataluña,Barcelona,Mataró,Calle Hospital 29-31,08301,937582800,70,Hospitales de media y larga estancia,Otras Entidades u o rganismos Públicos,,Red de utilización pública (RUP),NO
0908005241,081593,Parc Sanitari Sant Joan de Deu - Numancia,Cataluña,Barcelona,Barcelona,Calle Numancia 7-13,08029,933249600,159,Hospitales de salud mental y tratamiento de toxicomanías,Privados,,Red de utilización pública (RUP),SI
0908005242,081739,Centre Sociosanitari de L'Hospitalet - Consorci Sanitari Integral,Cataluña,Barcelona,"Hospitalet de Llobregat, L'",Avenida Josep Molins 41,08906,934407500,123,Hospitales de media y larga estancia,Otras Entidades u o rganismos Públicos,,Red de utilización pública (RUP),SI
0908005243,081605,Prytanis Hospitalet Centre Sociosanitari,Cataluña,Barcelona,"Hospitalet de Llobregat, L'",Calle Aprestadora 43-45,08902,932988090,142,Hospitales de media y larga estancia,Privados,,Red de utilización pública (RUP),NO
0908005245,081706,Centre Collserola Mutual,Cataluña,Barcelona,Barcelona,"Paseo Vall D'Hebron, 159",08035,933613900,34,Hospitales de media y larga estancia,Privados,,Red de utilización pública (RUP),NO
0908005247,081649,Hospital Sociosanitari Pere Virgili,Cataluña,Barcelona,Barcelona,Avenida Vallcarca 169-205,08023,932594000,366,Hospitales de media y larga estancia,Otras Entidades u o rganismos Públicos,,Red de utilización pública (RUP),NO
0908005248,081661,Benito Menni Complex Assistencial En Salut Mental,Cataluña,Barcelona,Granollers,Calle Francesc Ribas 59,08402,938425035,48,Hospitales de salud mental y tratamiento de toxicomanías,Privados,,Red de utilización pública (RUP),SI
0908005250,081694,Institut Catalá D'Oncologia - Hospital Germans Trías I Pujol,Cataluña,Barcelona,Badalona,Carretera Canyet S/N,08916,934651200,36,Hospitales especializados,Otras Entidades u o rganismos Públicos,,Red de utilización pública (RUP),NO
0908005251,081672,Hospital Sanitas Cima,Cataluña,Barcelona,Barcelona,Paseo Manuel Girona 33,08034,935522700,83,Hospitales Generales,Privados,,Sin concierto,NO
0908005252,081683,Parc Sanitari Sant Joan de Deu - App - 1,Cataluña,Barcelona,Sant Esteve Sesrovires,"Carretera De Martorell A Capellades ,",08635,937758000,150,Hospitales Generales,Privados,,Red de utilización pública (RUP),SI
0908005253,081885,Hospital D'Igualada,Cataluña,Barcelona,Igualada,Avenida Catalunya 11,08700,938075500,285,Hospitales Generales,Otras Entidades u o rganismos Públicos,,Red de utilización pública (RUP),SI
0908005255,081717,Centre Sociosanitari Sarquavitae Sant Jordi,Cataluña,Barcelona,Cornellà de Llobregat,Carretera Sant Joan Despi 60,08940,934752690,51,Hospitales de media y larga estancia,Privados,,Red de utilización pública (RUP),NO
0908005257,081784,Centre Sociosanitari D'Esplugues,Cataluña,Barcelona,Esplugues de Llobregat,Vía Augusta 66-70,08950,936406350,131,Hospitales de media y larga estancia,Privados,,Red de utilización pública (RUP),NO
0908005259,081740,Centro Residencial Domusvi La Salut Josep Servat.,Cataluña,Barcelona,Barcelona,Calle Antequera 8-18,08024,932857512,56,Hospitales de media y larga estancia,Privados,,Sin concierto,NO
0908005260,081795,Centre Sociosanitari Ricard Fortuny,Cataluña,Barcelona,Vilafranca del Penedès,Avenida Garraf 3,08720,938172357,187,Hospitales de media y larga estancia,Otras Entidades u o rganismos Públicos,,Red de utilización pública (RUP),NO
0908005261,081751,Clínica Creu Blanca,Cataluña,Barcelona,Barcelona,"Paseo Reina Elisenda de Montcada, 17",08034,932522522,51,Hospitales Generales,Privados,,Sin concierto,NO
0908005262,081919,Parc Sanitari Sant Joan de Deu - App - 2,Cataluña,Barcelona,Sant Esteve Sesrovires,Carretera Martorell A Capellades 23,08635,936935000,152,Hospitales Generales,Privados,,Sin concierto,NO
0908005263,081829,Centre Fórum,Cataluña,Barcelona,Barcelona,"Calle Llull, 410",08019,932483000,223,Hospitales de media y larga estancia,Otras Entidades u o rganismos Públicos,,Red de utilización pública (RUP),SI
0908005265,081762,Hestia Gracia,Cataluña,Barcelona,Barcelona,Calle Secretari Coloma 95,08024,934170400,153,Hospitales de media y larga estancia,Privados,,Red de utilización pública (RUP),NO
0908005268,080155,Clínica Mc Londres,Cataluña,Barcelona,Barcelona,Calle Londres 28-38,08029,934577200,22,Hospitales Generales,Mútuas Colaboradoras con La Seguridad Social,,Sin concierto,NO
0908005269,081830,Centre Sociosanitari Blauclinic Dolors Aleu,Cataluña,Barcelona,Barcelona,Calle Marques de Santa Anna 9,08023,934343216,174,Hospitales de media y larga estancia,Privados,,Red de utilización pública (RUP),SI
0908005270,081874,Clínica Galatea,Cataluña,Barcelona,Barcelona,Calle Palafolls 15-19,08017,932057267,22,Hospitales de salud mental y tratamiento de toxicomanías,Privados,,Red de utilización pública (RUP),SI
0908005271,081896,Centre Social I Sanitari Frederica Montseny,Cataluña,Barcelona,Viladecans,Calle Eslida 6-8,08840,936473525,183,Hospitales de media y larga estancia,Privados,,Red de utilización pública (RUP),NO
0908005272,081964,Unitat Polivalent Salut Mental Barcelona-Nord,Cataluña,Barcelona,Barcelona,Avenida Jorda 8,08035,934275250,52,Hospitales de salud mental y tratamiento de toxicomanías,Privados,,Red de utilización pública (RUP),NO
0908005273,082012,Hospital Quirón Salud del Valles - Clínica del Valles,Cataluña,Barcelona,Sabadell,Paseo Rubio I Ors 25-27,08203,937283100,71,Hospitales Generales,Privados,,Sin concierto,SI
0908005275,081931,Centre Sociosanitari Sant Jordi de La Vall D'Hebron,Cataluña,Barcelona,Barcelona,Paseo Vall D'Hebron 135-141,08035,934280000,57,Hospitales de media y larga estancia,Privados,,Red de utilización pública (RUP),SI
0908005276,081942,"Lepant Residencial Qgg, S.L.",Cataluña,Barcelona,Barcelona,Calle Lepant 401-403,08025,934507438,31,Hospitales de media y larga estancia,Privados,,Sin concierto,SI
0908005279,081920,Centre Integral de Serveis En Salut Mental Comunitaria,Cataluña,Barcelona,Barcelona,Calle Verntallat 11-19,08024,932184908,25,Hospitales de salud mental y tratamiento de toxicomanías,Privados,,Sin concierto,NO
0908005280,082156,Clínica Sant Antoni,Cataluña,Barcelona,Barcelona,Calle Sant Eloi 6-8,08038,932974010,300,Hospitales de media y larga estancia,Privados,,Red de utilización pública (RUP),NO
0908005282,081347,Hospital Universitari Vall D'Hebron,Cataluña,Barcelona,Barcelona,Paseo Vall D'Hebron 119-129,08035,934893000,1315,Hospitales Generales,Servicios e Institutos de Salud de Las Comunidades Autónomas,,Red de utilización pública (RUP),SI
0908005288,082066,Hospital de Sant Joan Despi Moisés Broggi,Cataluña,Barcelona,Sant Joan Despí,Calle Oriol Martorell 12,08970,935531200,328,Hospitales Generales,Otras Entidades u o rganismos Públicos,,Red de utilización pública (RUP),SI
0908005289,081997,"Cqm Clinic Maresme, S.L.",Cataluña,Barcelona,Mataró,Calle Lepant 13-21,08301,937556219,10,Hospitales Generales,Privados,,Sin concierto,NO
0908005290,082134,Ita Maresme,Cataluña,Barcelona,Barcelona,Calle Avenir 14,08006,933621258,56,Hospitales especializados,Privados,,Sin concierto,NO
0908005293,082112,Unitat Polivalent Benito Menni En Salut Mental de L'Hospitalet-El Prat de Llobregat,Cataluña,Barcelona,"Hospitalet de Llobregat, L'",Calle Sant Rafael 11,08905,936402400,35,Hospitales de salud mental y tratamiento de toxicomanías,Privados,,Red de utilización pública (RUP),SI
0908005298,082145,Centre Sociosanitari del Centre Integral de Salut Cotxeres,Cataluña,Barcelona,Barcelona,Avenida Borbo 18-30,08016,932438991,209,Hospitales de media y larga estancia,Privados,,Red de utilización pública (RUP),NO
0908005627,082178,Hospital Sociosanitari de Mollet,Cataluña,Barcelona,Mollet del Vallès,Calle Sant Llorenç 39-41,08100,935760300,109,Hospitales de media y larga estancia,Privados,,Red de utilización pública (RUP),SI
0908005675,082190,Iván Mañero Clinic,Cataluña,Barcelona,Sant Cugat del Vallès,Calle Víctor Hugo 24,08174,902401540,17,Hospitales especializados,Privados,,Sin concierto,SI
0908007674,082213,Centre D'Hospitalitzacio I Hospital de Dia Trastorns de La Conducta,Cataluña,Barcelona,Argentona,Calle Cires S/N,08310,937533006,40,Hospitales de salud mental y tratamiento de toxicomanías,Privados,,Sin concierto,NO
0908008299,082189,Centre Sociosanitari Isabel Roig,Cataluña,Barcelona,Barcelona,Calle Fernando Pessoa 47-51,08030,931780667,251,Hospitales de media y larga estancia,Privados,,Red de utilización pública (RUP),SI
0908009231,082236,Centre La Creueta,Cataluña,Barcelona,Sabadell,Plaza De Les Vaques S/N,08202,937451164,46,Hospitales de media y larga estancia,Privados,,Red de utilización pública (RUP),NO
0908012300,082246,Unitat Terapéutica-Educativa Acompanya'M,Cataluña,Barcelona,Barcelona,Calle Jesús I Maria 18-20,08022,932532100,30,Hospitales de salud mental y tratamiento de toxicomanías,Privados,,Sin concierto.,NO
0908014829,082268,"Ronda de Dalt, Centre Sociosanitari",Cataluña,Barcelona,Barcelona,Calle Pare Mariana 15,08035,937064156,34,Hospitales de media y larga estancia,Privados,,Sin concierto,NO
0908014888,082279,Eatica,Cataluña,Barcelona,Barcelona,Calle Angli 64,08017,620407483,32,Hospitales de salud mental y tratamiento de toxicomanías,Privados,,Sin concierto,NO
0908015458,082337,Residencia Nazaret,Cataluña,Barcelona,Malgrat de Mar,Calle Guillem de Palafolls 3,08380,937619900,42,Hospitales de media y larga estancia,Privados,,Sin concierto,NO
0908015997,082338,Mas Amigo Centre Especialitzat En Addiccions,Cataluña,Barcelona,Santa Margarida de Montbui,Barriada Mas Amigo S/N,08710,931353464,20,Hospitales de salud mental y tratamiento de toxicomanías,Privados,,Sin concierto,NO
0917000807,170097,Clínica Salus Infirmorum,Cataluña,Girona,Banyoles,Paseo Mossen Lluis Constans 130,17820,972570208,100,Hospitales Generales,Privados,,Red de utilización pública (RUP),NO
0917000808,170101,Hospital de Sant Jaume,Cataluña,Girona,Blanes,Calle Jaume Arcelos 1,17300,972331550,23,Hospitales de media y larga estancia,Otras Entidades u o rganismos Públicos,,Red de utilización pública (RUP),NO
0917000809,170118,Hospital de Campdevanol,Cataluña,Girona,Campdevànol,Carretera De Gombren 20,17530,972730028,80,Hospitales Generales,Privados,,Red de utilización pública (RUP),NO
0917000810,170123,Hospital de Figueres,Cataluña,Girona,Figueres,Ronda Rector Arolas S/N,17600,972501400,168,Hospitales Generales,Privados,,Red de utilización pública (RUP),SI
0917000811,170139,Clínica Santa Creu,Cataluña,Girona,Figueres,"Calle Pere Mii, 41",17600,972503650,35,Hospitales Generales,Privados,,Sin concierto,NO
0917000812,170031,Clínica Bofill,Cataluña,Girona,Girona,Ronda Sant Antoni Maria Claret 20,17002,972204350,47,Hospitales Generales,Privados,,Sin concierto,SI
0917000813,170010,Hospital Universitari de Girona Dr. Josep Trueta,Cataluña,Girona,Girona,Avenida França S/N,17007,972940200,431,Hospitales Generales,Servicios e Institutos de Salud de Las Comunidades Autónomas,,Red de utilización pública (RUP),SI
0917000814,170059,Clínica Girona,Cataluña,Girona,Girona,Calle De Barcelona 204,17005,000000000,126,Hospitales Generales,Privados,,Red de utilización pública (RUP),NO
0917000815,170062,Clínica Quirúrgica Onyar,Cataluña,Girona,Girona,Calle Heroines de Santa Barbara 6,17004,972204900,38,Hospitales Generales,Privados,,Sin concierto,NO
0917000816,170301,Hospital Santa Caterina-Ias,Cataluña,Girona,Salt,Avenida Doctor Castany (P. H. Marti I Julia) 90,17190,972182600,178,Hospitales Generales,Servicios e Institutos de Salud de Las Comunidades Autónomas,,Red de utilización pública (RUP),SI
0917000817,170216,Hospital Psiquiatric,Cataluña,Girona,Salt,"Calle Doctor Castany, S/N",17190,972182512,593,Hospitales de salud mental y tratamiento de toxicomanías,Servicios e Institutos de Salud de Las Comunidades Autónomas,,Red de utilización pública (RUP),SI
0917000818,170160,Hospital Sociosanitari de Lloret de Mar,Cataluña,Girona,Lloret de Mar,"Calle Vall de Venecia, 59",17310,972364736,63,Hospitales de media y larga estancia,Otras Entidades u o rganismos Públicos,,Red de utilización pública (RUP),NO
0917000819,170176,Hospital D'Olot I Comarcal de La Garrotxa,Cataluña,Girona,Olot,Avenida Països Catalans 86,17800,972261800,137,Hospitales Generales,Privados,,Red de utilización pública (RUP),SI
0917000820,170195,Hospital de Palamós,Cataluña,Girona,Palamós,Calle Hospital. 36,17230,972600160,136,Hospitales Generales,Privados,,Red de utilización pública (RUP),SI
0917000822,170221,Residencia de Gent Gran Puig D'En Roca,Cataluña,Girona,Girona,Calle Antoni Vares I Martinell 37,17007,972209250,55,Hospitales de media y larga estancia,Servicios e Institutos de Salud de Las Comunidades Autónomas,,Red de utilización pública (RUP),NO
0917000823,170237,Hospital Comarcal de Blanes,Cataluña,Girona,Blanes,Carretera Acces Cala Sant Francesc 5,17300,972353264,121,Hospitales Generales,Otras Entidades u o rganismos Públicos,,Red de utilización pública (RUP),NO
0917000824,170242,Residencia Geriátrica Maria Gay,Cataluña,Girona,Girona,Calle Portal Nou 12,17004,972205045,24,Hospitales de media y larga estancia,Privados,,Red de utilización pública (RUP),NO
0917000825,170255,Hospital Sociosanitari Mutuam Girona,Cataluña,Girona,Girona,Avenida França 64,17007,972171819,104,Hospitales de media y larga estancia,Privados,,Red de utilización pública (RUP),SI
0917000826,170277,Centre Sociosanitari de Puigcerdà,Cataluña,Girona,Puigcerdà,Camino Antic de Llivia S/N,17520,972880150,52,Hospitales de media y larga estancia,Privados,,Red de utilización pública (RUP),NO
0917000827,170288,Centre Sociosanitari Bernat Jaume,Cataluña,Girona,Figueres,Ronda Rector Arolas S/N,17600,972501400,121,Hospitales de media y larga estancia,Privados,,Red de utilización pública (RUP),SI
0917000828,170299,Institut Catalá D'Oncologia Girona - Hospital Josep Trueta,Cataluña,Girona,Girona,Avenida França S/N,17007,972940200,26,Hospitales especializados,Otras Entidades u o rganismos Públicos,,Red de utilización pública (RUP),NO
0917000829,170323,Centre Sociosanitari Parc Hospitalari Marti I Julia,Cataluña,Girona,Salt,Calle Dr. Castany S/N,17190,972182512,120,Hospitales de media y larga estancia,Servicios e Institutos de Salud de Las Comunidades Autónomas,,Red de utilización pública (RUP),SI
0917000830,170312,Centre Palamós Gent Gran,Cataluña,Girona,Palamós,Calle Provença 36,17230,972600160,100,Hospitales de media y larga estancia,Privados,,Red de utilización pública (RUP),NO
0917001139,170334,Hospital de Cerdanya / Hospital de Cerdagne,Cataluña,Girona,Puigcerdà,Camino D'Ur 31,17520,972114090,66,Hospitales Generales,Otras Entidades u o rganismos Públicos,,Red de utilización pública (RUP),NO
0925000571,250077,Clínica Psiquiatrica Bellavista,Cataluña,Lleida,Lleida,Avenida Rovira Roure 116,25198,973231698,75,Hospitales de salud mental y tratamiento de toxicomanías,Privados,,Sin concierto,NO
0925000572,250019,Hospital Universitari Arnau de Vilanova de Lleida.,Cataluña,Lleida,Lleida,Avenida Alcalde Rovira Roure 80,25198,973248100,482,Hospitales Generales,Servicios e Institutos de Salud de Las Comunidades Autónomas,,Red de utilización pública (RUP),SI
0925000574,250045,Vithas Hospital Montserrat,Cataluña,Lleida,Lleida,Calle Bisbe Torres 13,25002,973266300,47,Hospitales Generales,Privados,,Sin concierto,NO
0925000575,250058,"Clínica Perpetuo Socorro de Lérida, Grupo Ha, Slu",Cataluña,Lleida,Lleida,Calle Bisbe Messeguer 3,25003,973266100,58,Hospitales Generales,Privados,,Sin concierto,NO
0925000576,250024,Hospital Santa Maria,Cataluña,Lleida,Lleida,Avenida Alcalde Rovira Roure 44,25198,973727222,251,Hospitales Generales,Otras Entidades u o rganismos Públicos,,Red de utilización pública (RUP),SI
0925000577,250061,Clínica Mi Nova Aliança,Cataluña,Lleida,Lleida,Avenida Enric Prat de La Riba 79-81,25004,973232943,50,Hospitales Generales,Privados,,Red de utilización pública (RUP),NO
0925000578,250117,Fundacio Sant Hospital.,Cataluña,Lleida,"Seu d'Urgell, La",Paseo Joan Brudieu 8,25700,973350050,88,Hospitales Generales,Privados,,Red de utilización pública (RUP),NO
0925000579,250143,Hospital Comarcal del Pallars,Cataluña,Lleida,Tremp,Avenida Pau Casals 5,25620,973652255,63,Hospitales Generales,Otras Entidades u o rganismos Públicos,,Red de utilización pública (RUP),SI
0925000580,250156,Espitau Val D'Aran,Cataluña,Lleida,Vielha e Mijaran,"Calle Espitau, 8",25530,973640004,40,Hospitales Generales,Privados,,Sin concierto,NO
0925000581,250138,"Centre Sanitari del Solsones, F.P.C.",Cataluña,Lleida,Solsona,"Plaza Antoni Guitart, 1",25280,973481172,32,Hospitales de media y larga estancia,Otras Entidades u o rganismos Públicos,,Red de utilización pública (RUP),NO
0925000582,250169,Hestia Balaguer.,Cataluña,Lleida,Balaguer,Calle Gregori Gallego 22-28,25600,973450304,120,Hospitales de media y larga estancia,Privados,,Red de utilización pública (RUP),NO
0925000583,250175,Residencia Terraferma,Cataluña,Lleida,Alpicat,Calle Partida del Grao S/N,25110,973737455,137,Hospitales de media y larga estancia,Privados,,Red de utilización pública (RUP),NO
0925000584,250181,"Castell D'Oliana Residencial, S.L",Cataluña,Lleida,Oliana,Carretera De Lleida A Puigcerdà .,25790,973463030,20,Hospitales de salud mental y tratamiento de toxicomanías,Privados,,Red de utilización pública (RUP),NO
0925000586,250209,Hospital Jaume Nadal Meroles,Cataluña,Lleida,Lleida,Calle Academia 41,25002,973289333,126,Hospitales de media y larga estancia,Otras Entidades u o rganismos Públicos,,Red de utilización pública (RUP),NO
0925000587,250210,Sant Joan de Deu Terres de Lleida,Cataluña,Lleida,Almacelles,Carretera N-240 .,25100,973740010,14,Hospitales de salud mental y tratamiento de toxicomanías,Privados,,Red de utilización pública (RUP),SI
0925000909,250232,Hospital Sant Joan de Deu Lleida,Cataluña,Lleida,Lleida,Avenida Canadenca 28,25001,973740010,130,Hospitales de salud mental y tratamiento de toxicomanías,Privados,,Red de utilización pública (RUP),SI
0925001345,250243,Avantmedic,Cataluña,Lleida,Lleida,Calle Alfred Pereña 10,25008,973728292,19,Otros Centros con Internamiento,Privados,,Sin concierto,NO
0925001398,250254,Acompanya'M Lleida,Cataluña,Lleida,Lleida,Transversal D'Extremadura 13,25001,932142124,31,Hospitales de salud mental y tratamiento de toxicomanías,Privados,,Sin concierto,SI
0943000750,430108,Centre Mq Reus,Cataluña,Tarragona,Reus,Calle Antoni Gaudí 26,43203,977010800,50,Hospitales Generales,Privados,,Red de utilización pública (RUP),NO
0943000751,430115,"Villablanca Serveis Assistencials, Sa",Cataluña,Tarragona,Reus,Partida Bellisens S/N,43204,977391810,350,Hospitales de salud mental y tratamiento de toxicomanías,Privados,,Red de utilización pública (RUP),SI
0943000752,430120,"Institut Pere Mata, S.A",Cataluña,Tarragona,Reus,Carretera De L'Institut Pere Mata S/N,43206,977338565,727,Hospitales de salud mental y tratamiento de toxicomanías,Privados,,Red de utilización pública (RUP),SI
0943000753,430069,Clínica Activa Mutua 2008,Cataluña,Tarragona,Tarragona,Calle Pin I Soler 12,43002,977217900,22,Hospitales especializados,Mútuas Colaboradoras con La Seguridad Social,,Sin concierto,SI
0943000754,430043,Hospital de Sant Pau I Santa Tecla,Cataluña,Tarragona,Tarragona,Rambla Vella 14,43003,977259900,186,Hospitales Generales,Privados,,Red de utilización pública (RUP),SI
0943000755,430017,Hospital Universitari Joan Xixi de Tarragona,Cataluña,Tarragona,Tarragona,Calle Doctor Mallafre Guasch 4,43005,977295800,372,Hospitales Generales,Servicios e Institutos de Salud de Las Comunidades Autónomas,,Red de utilización pública (RUP),SI
0943000756,430022,Hospital Sociosanitari Francoli,Cataluña,Tarragona,Tarragona,Calle Joan Pau Ir 2,43005,977232714,156,Hospitales de media y larga estancia,Otras Entidades u o rganismos Públicos,,Red de utilización pública (RUP),NO
0943000757,430056,Hospital Viamed Monegal,Cataluña,Tarragona,Tarragona,Calle López Peláez 15-17,43002,977225012,53,Hospitales Generales,Privados,,Sin concierto,NO
0943000758,430173,Hospital de La Santa Creu,Cataluña,Tarragona,Tortosa,Paseo Mossen Valls Bartomeu 1,43590,977500533,250,Hospitales de media y larga estancia,Municipio,,Red de utilización pública (RUP),SI
0943000759,430189,Clínica Terres de L'Ebre,Cataluña,Tarragona,Tortosa,Plaza Joaquim Bau 6-8,43500,977588200,40,Hospitales Generales,Municipio,,Red de utilización pública (RUP),SI
0943000760,430167,Hospital de Tortosa Vergé de La Cinta,Cataluña,Tarragona,Tortosa,Calle Esplanetes 44,43500,977519100,248,Hospitales Generales,Servicios e Institutos de Salud de Las Comunidades Autónomas,,Red de utilización pública (RUP),SI
0943000761,430081,Hospital Comarcal Mora D'Ebre,Cataluña,Tarragona,Móra d'Ebre,Calle Benet Messeguer S/N,43740,977401863,120,Hospitales Generales,Otras Entidades u o rganismos Públicos,,Red de utilización pública (RUP),NO
0943000762,430228,Pius Hospital de Valls,Cataluña,Tarragona,Valls,Plaza Sant Francesc S/N,43800,977613000,142,Hospitales Generales,Privados,,Red de utilización pública (RUP),SI
0943000763,430234,Residencia Alt Camp,Cataluña,Tarragona,Valls,Camino Del Bosc S/N,43800,977600292,50,Hospitales de media y larga estancia,Privados,,Red de utilización pública (RUP),SI
0943000764,430213,Policlínica Comarcal del Vendrell.,Cataluña,Tarragona,Santa Oliva,Avenida Santa Oliva 1-13,43710,977660140,136,Hospitales Generales,Privados,,Red de utilización pública (RUP),NO
0943000765,430249,Centre Sociosanitari Ciutat de Reus,Cataluña,Tarragona,Reus,Camino De Tarragona 10-12,43204,977300021,85,Hospitales de media y larga estancia,Privados,,Red de utilización pública (RUP),SI
0943000766,430252,Hospital Comarcal D'Amposta,Cataluña,Tarragona,Amposta,Calle Jacint Verdaguer 11,43870,977700050,103,Hospitales Generales,Municipio,,Red de utilización pública (RUP),NO
0943000769,430265,Centre Sociosanitari Llevant,Cataluña,Tarragona,Tarragona,Calle Joan Fuster Ortells S/N,43007,977239412,60,Hospitales de media y larga estancia,Privados,,Red de utilización pública (RUP),NO
0943000770,430276,Residencia Vila-Seca,Cataluña,Tarragona,Vila-seca,Calle Requet de Félix 35,43480,977395825,35,Hospitales de media y larga estancia,Privados,,Red de utilización pública (RUP),NO
0943000771,430298,Hospital del Vendrell,Cataluña,Tarragona,"Vendrell, El",Carretera N-340 1193,43700,977257900,120,Hospitales Generales,Privados,,Red de utilización pública (RUP),SI
0943000772,430287,Unitat Polivalent En Salut Mental D'Amposta,Cataluña,Tarragona,Amposta,Calle América 15,43870,977338565,127,Hospitales de salud mental y tratamiento de toxicomanías,Privados,,Red de utilización pública (RUP),NO
0943000775,430300,Centre Sociosanitari I Residencia Assistida Salou,Cataluña,Tarragona,Salou,Avenida Pau Casals 4,43840,977385403,45,Hospitales de media y larga estancia,Privados,,Red de utilización pública (RUP),SI
0943000777,430322,Residencia Santa Tecla Ponent,Cataluña,Tarragona,Tarragona,Calle Menorca 26,43006,977540678,70,Hospitales de media y larga estancia,Privados,,Red de utilización pública (RUP),NO
0943001036,430094,Hospital Universitari de Sant Joan de Reus,Cataluña,Tarragona,Reus,Avenida Josep Laporte 2,43204,977310300,313,Hospitales Generales,Otras Entidades u o rganismos Públicos,,Red de utilización pública (RUP),NO
0943002180,430355,Centro Zeus,Cataluña,Tarragona,Ulldecona,Carretera Tv-3319 (Els Rajolars) S/N,43550,643771223,16,Hospitales de salud mental y tratamiento de toxicomanías,Privados,,Sin concierto,NO
0943002181,430344,Llarga Estada Gipss,Cataluña,Tarragona,Tarragona,Calle Maternita D'Elna 1,43005,977234531,32,Hospitales de media y larga estancia,Otras Entidades u o rganismos Públicos,,Sin concierto,NO
1003000040,030190,Sanatorio San Francisco de Borja Fontilles,Comunidad Valenciana,Alicante,"Vall de Laguar, la","Carretera Orba-Vall de Laguar, Km 4 Numero S/N",03791,963511583;965583350,96,Hospitales de media y larga estancia,Organizaciones No Gubernamentales,,Concierto parcial,NO
1003000098,030351,Hospital La Pedrera,Comunidad Valenciana,Alicante,Dénia,Partida Plana Est 4,03700,965579702;966467170,107,Hospitales de media y larga estancia,Servicios e Institutos de Salud de Las Comunidades Autónomas,,Sin concierto,NO
1003000121,030187,Hospital Sant Vicent del Raspeig,Comunidad Valenciana,Alicante,San Vicente del Raspeig/Sant Vicent del Raspeig,Calle Lillo Juan 137,03690,965907700,179,Hospitales de media y larga estancia,Servicios e Institutos de Salud de Las Comunidades Autónomas,,Sin concierto,NO
1003000129,030041,Vithas Hospital Perpetuo Internacional,Comunidad Valenciana,Alicante,Alicante/Alacant,Plaza Doctor Gómez Ulla 15,03013,699507150;965230331,103,Hospitales Generales,Privados,,Sin concierto,NO
1003000134,030036,Clínica Vistahermosa Grupo Ha,Comunidad Valenciana,Alicante,Alicante/Alacant,Avenida Denia 103,03015,649303489;965268000,106,Hospitales Generales,Privados,,Concierto parcial,NO
1003000135,030067,Hospital Virgen de Los Lirios,Comunidad Valenciana,Alicante,Alcoy/Alcoi,Calle Caramanxel S/N,03804,965537400;965537499,305,Hospitales Generales,Servicios e Institutos de Salud de Las Comunidades Autónomas,,Sin concierto,SI
1003000136,030204,Hospital Marina Baixa de La Vila Joiosa,Comunidad Valenciana,Alicante,"Villajoyosa/Vila Joiosa, la",Avenida Alcalde En Jaume Botella Mayor 7,03570,966859858;966907200,270,Hospitales Generales,Servicios e Institutos de Salud de Las Comunidades Autónomas,,Sin concierto,SI
1003000142,030152,Hospital General Universitario de Elche,Comunidad Valenciana,Alicante,Elche/Elx,Calle Cami Almazara 11,03203,966616211;966616900,408,Hospitales Generales,Servicios e Institutos de Salud de Las Comunidades Autónomas,,Sin concierto,SI
1003000144,030092,Hospital Clínica Benidorm,Comunidad Valenciana,Alicante,Benidorm,Avenida Alfonso Puchades 8,03501,965853850;966831004,163,Hospitales Generales,Privados,,Sin concierto,NO
1003000161,030211,Hospital Vega Baja de Orihuela,Comunidad Valenciana,Alicante,Orihuela,Carretera Orihuela-Almoradi S/N,03314,966749000;966749054,336,Hospitales Generales,Servicios e Institutos de Salud de Las Comunidades Autónomas,,Sin concierto,SI
1003000167,030298,Hospital Quironsalud Torrevieja,Comunidad Valenciana,Alicante,Torrevieja,Partida De La Loma S/N,03184,966921313,132,Hospitales Generales,Privados,,Concierto parcial,NO
1003000176,030328,Hospital IMED Levante,Comunidad Valenciana,Alicante,Benidorm,Calle Dr. Santiago Ramon y Cajal 7,03503,966878783;966878787,152,Hospitales Generales,Privados,,Sin concierto,NO
1003000177,030232,Hospital Psiquiátrico Penitenciario de Fontcalent,Comunidad Valenciana,Alicante,Alicante/Alacant,Complejo Centro Penitenc. Fontcalen 1,03113,965101230;965102222,432,Hospitales de salud mental y tratamiento de toxicomanías,Otros Centros o Establecimientos Públicos de Dependencia Estatal,,Sin concierto,SI
1003000179,030128,Hospital San Carlos de Denia Grupo HA,Comunidad Valenciana,Alicante,Dénia,Partida Madrigueres Sud 8,03700,902300124;965781550,31,Hospitales Generales,Privados,,Concierto parcial,NO
1003000200,030165,Hospital General Universitario de Elda-Virgen de La Salud,Comunidad Valenciana,Alicante,Elda,Carretera Sax S/N,03600,966989000;966989010,513,Hospitales Generales,Servicios e Institutos de Salud de Las Comunidades Autónomas,,Sin concierto,SI
1003000220,030015,Hospital General Universitario Dr. Balmis,Comunidad Valenciana,Alicante,Alicante/Alacant,Avenida Pintor Baeza 12,03010,965913496;965933000,807,Hospitales Generales,Servicios e Institutos de Salud de Las Comunidades Autónomas,,Sin concierto,SI
1003000229,030089,Hospital IMED San Jorge,Comunidad Valenciana,Alicante,Alcoy/Alcoi,Calle Oliver 55,03802,965330400,26,Hospitales Generales,Privados,,Sin concierto,NO
1003000233,030339,Hospital Universitario de Torrevieja,Comunidad Valenciana,Alicante,Torrevieja,Carretera Carretera C.V. 95 S. Miguel Salinas-Torrevieja Pda. La Ceñuela S/N,03186,965721200;966799433,269,Hospitales Generales,Servicios e Institutos de Salud de Las Comunidades Autónomas,,Sin concierto,SI
1003000237,030226,Hospital Medimar Internacional,Comunidad Valenciana,Alicante,Alicante/Alacant,Avenida Denia 78,03016,699507150;965230331,66,Hospitales Generales,Privados,,Sin concierto,NO
1003000247,030250,Hospital Universitario San Juan de Alicante,Comunidad Valenciana,Alicante,Sant Joan d'Alacant,"Carretera C.Nal. 332, Alicante-Valencia S/N",03550,965169400,396,Hospitales Generales,Servicios e Institutos de Salud de Las Comunidades Autónomas,,Sin concierto,SI
1003000248,030340,Hospital de Denia,Comunidad Valenciana,Alicante,Dénia,Partida Beniadla S/N,03700,966429101,266,Hospitales Generales,Servicios e Institutos de Salud de Las Comunidades Autónomas,,Sin concierto,SI
1003000254,030362,Centro de Rehabilitación Neurológica Casaverde,Comunidad Valenciana,Alicante,Mutxamel,Calle Ponent 15,03110,965950711,40,Hospitales especializados,Privados,,Sin concierto,NO
1003000255,030373,Hospital Universitario Vinalopó,Comunidad Valenciana,Alicante,Elche/Elx,Calle Tonico Sansano Mora 14,03293,966679800,214,Hospitales Generales,Servicios e Institutos de Salud de Las Comunidades Autónomas,,Sin concierto,SI
1003000333,030384,Hospital IMED Elche,Comunidad Valenciana,Alicante,Elche/Elx,Calle Max Planck S/N,03203,965503030;966915151,98,Hospitales Generales,Privados,,Sin concierto,NO
1003006642,030406,Hospital Internacional Hcb Denia,Comunidad Valenciana,Alicante,Dénia,Avenida Gandía 45,03700,965853850,62,Hospitales Generales,Privados,,Sin concierto,NO
1012000178,120136,Hospital Universitario de La Plana,Comunidad Valenciana,Castellón,Vila-real,"Carretera Vila-Real A Borriana KM 0,5",12540,964399775;964399845,264,Hospitales Generales,Servicios e Institutos de Salud de Las Comunidades Autónomas,,Sin concierto,SI
1012000180,120017,Hospital General Universitario de Castellón,Comunidad Valenciana,Castellón,Castelló de la Plana,Avenida Benicasim S/N,12004,964725000;964726510,521,Hospitales Generales,Servicios e Institutos de Salud de Las Comunidades Autónomas,,Sin concierto,SI
1012000182,120038,Hospital La Magdalena,Comunidad Valenciana,Castellón,Castelló de la Plana,Camino Collet 32,12004,964356800,128,Hospitales de media y larga estancia,Servicios e Institutos de Salud de Las Comunidades Autónomas,,Sin concierto,NO
1012000183,120043,Consorcio Hospitalario Provincial de Castellón,Comunidad Valenciana,Castellón,Castelló de la Plana,Avenida Doctor Clara 19,12002,964354303;964359700,257,Hospitales Generales,Otros Centros o Establecimientos Públicos de Dependencia Autonómica,,Sin concierto,SI
1012000255,120159,Hospital Rey D. Jaime,Comunidad Valenciana,Castellón,Castelló de la Plana,Calle Maria Rosa Molas 25,12004,639711835;964726000,96,Hospitales Generales,Privados,,Sin concierto,SI
1012000256,120148,Instituto de Traumatología de Unión de Mutuas (Matepss Nº 267),Comunidad Valenciana,Castellón,Castelló de la Plana,Avenida Virgen de Lidón 67,12004,964231212,28,Hospitales especializados,Mútuas Colaboradoras con La Seguridad Social,,Sin concierto,NO
1012000288,120115,Hospital Comarcal de Vinaros,Comunidad Valenciana,Castellón,Vinaròs,Avenida Gil de Atrocillo S/N,12500,964400032;964477000,174,Hospitales Generales,Servicios e Institutos de Salud de Las Comunidades Autónomas,,Sin concierto,SI
1046000057,460060,Consorcio Hospital General Universitario de Valencia,Comunidad Valenciana,Valencia,València,Avenida Tres Creus 2,46014,963131800,546,Hospitales Generales,Otros Centros o Establecimientos Públicos de Dependencia Autonómica,,Sin concierto,SI
1046000096,460291,Hospital 9 de Octubre,Comunidad Valenciana,Valencia,València,Calle Valle de La Ballestera 59,46015,963179100;963179200,300,Hospitales Generales,Privados,,Sin concierto,NO
1046000268,460207,Hospital Francesc de Borja de Gandía,Comunidad Valenciana,Valencia,Gandia,Avenida Medicina (De La) 6,46702,962849500,285,Hospitales Generales,Servicios e Institutos de Salud de Las Comunidades Autónomas,,Sin concierto,SI
1046000270,460381,Hospital de Crónicos de Mislata (Antiguo Hospital Militar de Valencia),Comunidad Valenciana,Valencia,Mislata,Calle Dolores Ibárruri 1,46920,963874693,38,Hospitales de media y larga estancia,Servicios e Institutos de Salud de Las Comunidades Autónomas,,Sin concierto,SI
1046000278,460180,Ita Godella,Comunidad Valenciana,Valencia,Godella,Avenida Joan Peset 31,46110,639634017;963638036,76,Hospitales de salud mental y tratamiento de toxicomanías,Privados,,Sin concierto,NO
1046000290,460288,Hospital General de Requena,Comunidad Valenciana,Valencia,Requena,Calle Casablanca S/N,46340,962339180;962339181,113,Hospitales Generales,Servicios e Institutos de Salud de Las Comunidades Autónomas,,Sin concierto,SI
1046000319,460109,Fundacion Instituto Valenciano de Oncología,Comunidad Valenciana,Valencia,València,Calle Profesor Beltrán Baguena 8,46009,961114000;961114099,117,Hospitales especializados,Organizaciones No Gubernamentales,,Concierto sustitutorio,SI
1046000325,460023,Hospital Universitario Dr. Peset Aleixandre,Comunidad Valenciana,Valencia,València,Avenida Gaspar Aguilar 90,46017,963188906,539,Hospitales Generales,Servicios e Institutos de Salud de Las Comunidades Autónomas,,Sin concierto,SI
1046000342,460044,Hospital Clínico Universitario de Valencia,Comunidad Valenciana,Valencia,València,Avenida Blasco Ibáñez 17,46010,961973500,582,Hospitales Generales,Servicios e Institutos de Salud de Las Comunidades Autónomas,,Sin concierto,SI
1046000344,460116,Hospital Vithas Valencia Consuelo,Comunidad Valenciana,Valencia,València,Calle Callosa D'En Sarria 12,46007,963177800,156,Hospitales Generales,Privados,,Sin concierto,NO
1046000353,460229,Hospital Lluis Alcanyis de Xativa,Comunidad Valenciana,Valencia,Xàtiva,Carretera Xativa-Silla KM. 2,46800,962289300;962289340,273,Hospitales Generales,Servicios e Institutos de Salud de Las Comunidades Autónomas,,Sin concierto,SI
1046000361,460057,Hospital de La Malva-Rosa,Comunidad Valenciana,Valencia,València,Calle Isabel de Villena 2,46011,961925400;961925431,33,Otros Centros con Internamiento,Servicios e Institutos de Salud de Las Comunidades Autónomas,,Sin concierto,NO
1046000362,460018,Hospital Universitario y Politécnico La Fe,Comunidad Valenciana,Valencia,València,Avenida Fernando Abril Martorell 106,46026,961244000;961244226,1000,Hospitales Generales,Servicios e Institutos de Salud de Las Comunidades Autónomas,,Sin concierto,SI
1046000383,460266,Hospital de Sagunto,Comunidad Valenciana,Valencia,Sagunto/Sagunt,Calle Ramon y Cajal 46,46520,962339300;962339308,252,Hospitales Generales,Servicios e Institutos de Salud de Las Comunidades Autónomas,,Sin concierto,SI
1046000388,460333,Hospital Nisa Aguas Vivas,Comunidad Valenciana,Valencia,Carcaixent,"Urbanización Vall D'Aigues Vives, de La S/N",46740,962588800;962588933,96,Hospitales Generales,Privados,,Sin concierto,NO
1046000390,460327,Hospital IMED Gandía,Comunidad Valenciana,Valencia,Gandia,Calle Daimus 26,46701,962874740,23,Hospitales Generales,Privados,,Sin concierto,NO
1046000414,460240,Hospital Intermutual de Levante,Comunidad Valenciana,Valencia,San Antonio de Benagéber,"Carretera Ctra. Valencia-Ademuz KM 11,700",46184,961350250;961350490,230,Hospitales especializados,Mútuas Colaboradoras con La Seguridad Social,,Concierto parcial,NO
1046000421,460137,Hospital Quironsalud Valencia,Comunidad Valenciana,Valencia,València,Avenida Blasco Ibáñez 14,46010,963690600,88,Hospitales Generales,Privados,,Concierto parcial,NO
1046000423,460351,Hospital Universitario de La Ribera,Comunidad Valenciana,Valencia,Alzira,Carretera Corbera 1,46600,962458100;962458234,364,Hospitales Generales,Servicios e Institutos de Salud de Las Comunidades Autónomas,,Sin concierto,SI
1046000556,460272,Hospital Doctor Moliner,Comunidad Valenciana,Valencia,Serra,Calle Porta Coeli S/N,46118,961687900;961687912,365,Hospitales de media y larga estancia,Servicios e Institutos de Salud de Las Comunidades Autónomas,,Sin concierto,NO
1046000568,460082,Hospital Católico Casa de Salud,Comunidad Valenciana,Valencia,València,Calle Doctor Manuel Candela 41,46021,963897700;963897716,192,Hospitales Generales,Privados,,Concierto parcial,NO
1046000576,460369,Hospital Pare Jofre,Comunidad Valenciana,Valencia,València,Calle San Lázaro S/N,46017,961925200,125,Hospitales de media y larga estancia,Servicios e Institutos de Salud de Las Comunidades Autónomas,,Sin concierto,NO
1046000577,460235,Hospital General de Ontinyent,Comunidad Valenciana,Valencia,Ontinyent,Avenida De Francisco Cerda 3,46870,962989200,56,Hospitales Generales,Servicios e Institutos de Salud de Las Comunidades Autónomas,,Sin concierto,NO
1046000629,460168,Hospital de Salud Mental Provincial,Comunidad Valenciana,Valencia,Bétera,Carretera Burjassot - Torres Torres KM 9,46117,961699080;963882649,30,Hospitales de salud mental y tratamiento de toxicomanías,Diputación o Cabildo,,Red de utilización pública (RUP),NO
1046000651,460039,Hospital Arnau de Vilanova,Comunidad Valenciana,Valencia,València,Calle Sant Clement 12,46015,961976000;961976010,282,Hospitales Generales,Servicios e Institutos de Salud de Las Comunidades Autónomas,,Sin concierto,SI
1046000667,460370,Hospital de Manises,Comunidad Valenciana,Valencia,Manises,Avenida Generalitat Valenciana 50,46940,961845000;961845065,354,Hospitales Generales,Servicios e Institutos de Salud de Las Comunidades Autónomas,,Sin concierto,SI
1046006312,460392,Hospital de Lliria,Comunidad Valenciana,Valencia,Llíria,Paraje Cabeço de L'Aguila Cv-35 S/N,46160,962718800,92,Hospitales Generales,Servicios e Institutos de Salud de Las Comunidades Autónomas,,Sin concierto,SI
1046008287,460404,IMED Valencia,Comunidad Valenciana,Valencia,Burjassot,Calle Ferrocarril 57,46100,963003003;966878783,207,Hospitales Generales,Privados,,Sin concierto,SI
1046009364,460437,Clínica Imske,Comunidad Valenciana,Valencia,València,Calle Suiza S/N,46024,646521270;963690000,18,Hospitales especializados,Privados,,Concierto parcial,NO
1046009450,460426,Centro Habilitado Ernest Lluch,Comunidad Valenciana,Valencia,València,Avenida Campanar 66,46015,961244226,165,Otros Centros con Internamiento,Servicios e Institutos de Salud de Las Comunidades Autónomas,,Sin concierto,NO
1046011007,460459,IMED Colón,Comunidad Valenciana,Valencia,València,Calle Isabel La Católica 12,46004,966878783,32,Hospitales Generales,Privados,,Sin concierto,NO
1046011151,460460,Hospital Infanto-Juvenil J. Peirón,Comunidad Valenciana,Valencia,"Pobla de Vallbona, la",Calle De Les Mareselves 1,46185,633312734,30,Otros Centros con Internamiento,Privados,,Sin concierto,NO
1106000332,060021,Hospital Universitario de Badajoz,Extremadura,Badajoz,Badajoz,Avenida Elvas 0,06006,924218100,438,Hospitales Generales,Servicios e Institutos de Salud de Las Comunidades Autónomas,,Sin concierto.,NO
1106000566,060037,Hospital Materno-Infantil,Extremadura,Badajoz,Badajoz,Calle Violeta 1,06010,924215000,205,Hospitales especializados,Servicios e Institutos de Salud de Las Comunidades Autónomas,,Sin concierto.,NO
1106000744,060297,Hospital Parque Vegas Altas,Extremadura,Badajoz,Don Benito,Avenida Madrid 12,06400,924808482,21,Hospitales Generales,Privados,,Sin concierto,NO
1106000791,060080,Hospital Ribera Almendralejo,Extremadura,Badajoz,Almendralejo,Calle Monsalud 1,06200,924670017,45,Hospitales de media y larga estancia,Privados,,Sin concierto,NO
1106000792,060093,Hospital Don Benito-Villanueva de La Serena,Extremadura,Badajoz,Don Benito,Carretera Don Benito Villanueva 0,06400,924386800,252,Hospitales Generales,Servicios e Institutos de Salud de Las Comunidades Autónomas,,Sin concierto.,NO
1106000794,060114,Hospital General de Llerena,Extremadura,Badajoz,Llerena,Avenida Badajoz 1,06900,924877000,138,Hospitales Generales,Servicios e Institutos de Salud de Las Comunidades Autónomas,,Sin concierto.,NO
1106000795,060129,Hospital de Mérida,Extremadura,Badajoz,Mérida,Avenida Don Antonio Campos Hoyos 26,06800,924381000,331,Hospitales Generales,Servicios e Institutos de Salud de Las Comunidades Autónomas,,Sin concierto.,NO
1106000796,060135,Centro Sociosanitario de Mérida,Extremadura,Badajoz,Mérida,Carretera Valverde 0,06800,924388081,280,Hospitales de media y larga estancia,Servicios e Institutos de Salud de Las Comunidades Autónomas,,Red de utilización pública (RUP),SI
1106000797,060140,Hospital Santa Justa,Extremadura,Badajoz,Villanueva de la Serena,Calle Concepción 24,06700,924845462,28,Hospitales Generales,Municipio,,Sin concierto,NO
1106000798,060172,Hospital Quironsalud Clideba,Extremadura,Badajoz,Badajoz,Calle Eladio Salinero de Los Santos 6,06011,924229050,76,Hospitales Generales,Privados,,Concierto parcial,NO
1106000801,060208,Hospital de Zafra,Extremadura,Badajoz,Zafra,Carretera Badajoz Granada 0,06300,924029200,91,Hospitales Generales,Servicios e Institutos de Salud de Las Comunidades Autónomas,,Sin concierto.,NO
1106000803,060220,Hospital Perpetuo Socorro,Extremadura,Badajoz,Badajoz,Avenida Damián Téllez Lafuente 0,06010,924215060,264,Hospitales Generales,Servicios e Institutos de Salud de Las Comunidades Autónomas,,Sin concierto.,NO
1106000804,060231,Hospital Siberia-Serena,Extremadura,Badajoz,Talarrubias,Carretera Talarrubias-Agudo Km 2 0,06640,924648100,43,Hospitales Generales,Servicios e Institutos de Salud de Las Comunidades Autónomas,,Sin concierto.,NO
1106000805,060242,Hospital Tierra de Barros,Extremadura,Badajoz,Almendralejo,Carretera Nacional 630 0,06200,924699200,44,Hospitales Generales,Servicios e Institutos de Salud de Las Comunidades Autónomas,,Sin concierto.,NO
1106001097,060286,Hospital Ribera Badajoz,Extremadura,Badajoz,Badajoz,Calle Federico Mayor Zaragoza 0,06006,609009709,20,Hospitales Generales,Privados,,Sin concierto,NO
1106001192,060275,Casaverde Centro de Rehabilitación Neurológico de Extremadura S.L.,Extremadura,Badajoz,Mérida,Avenida Adolfo Suarez 56,06800,924380330,100,Hospitales especializados,Privados,,Concierto parcial,NO
1110000306,100015,Hospital San Pedro de Alcántara,Extremadura,Cáceres,Cáceres,Avenida Pablo Naranjo Porras 0,10005,927256211,308,Hospitales Generales,Servicios e Institutos de Salud de Las Comunidades Autónomas,,Sin concierto.,NO
1110000563,100041,Hospital Ciudad de Coria,Extremadura,Cáceres,Coria,Calle Cervantes 75,10800,927149200,108,Hospitales Generales,Servicios e Institutos de Salud de Las Comunidades Autónomas,,Sin concierto,SI
1110000572,100054,Hospital Campo Arañuelo,Extremadura,Cáceres,Navalmoral de la Mata,Calle Tomas Yuste Mirón 0,10300,927548900,106,Hospitales Generales,Servicios e Institutos de Salud de Las Comunidades Autónomas,,Sin concierto,NO
1110000692,100067,Hospital Virgen del Puerto,Extremadura,Cáceres,Plasencia,Finca Valcorchero 2,10600,927428328,282,Hospitales Generales,Servicios e Institutos de Salud de Las Comunidades Autónomas,,Sin concierto,SI
1110000693,100073,Centro Sociosanitario de Plasencia,Extremadura,Cáceres,Plasencia,Carretera Cáceres 0,10600,927413100,330,Hospitales de media y larga estancia,Otros Centros o Establecimientos Públicos de Dependencia Autonómica,,Sin concierto,SI
1110000695,100092,Hospital Quironsalud Cáceres,Extremadura,Cáceres,Cáceres,Avenida De La Universidad 5,10004,927181360,25,Hospitales Generales,Privados,,Concierto parcial,SI
1110000696,100106,Clínica Soquimex,Extremadura,Cáceres,Plasencia,Avenida La Salle 22,10600,646542774,15,Hospitales Generales,Privados,,Sin concierto,NO
1110000697,100113,Hospital Parque San Francisco,Extremadura,Cáceres,Cáceres,Ronda De San Francisco 0,10005,927012200,36,Hospitales Generales,Privados,,Concierto parcial,NO
1110001384,100115,Hospital Universitario de Cáceres,Extremadura,Cáceres,Cáceres,Avenida De La Universidad 75,10004,927256364,230,Hospitales Generales,Servicios e Institutos de Salud de Las Comunidades Autónomas,,Sin concierto.,NO
1215000169,150308,Hestia La Robleda,Galicia,A Coruña,"Pino, O",Lugar Santiso S/N,15821,981585811,96,Hospitales de salud mental y tratamiento de toxicomanías,Privados,,Concierto parcial,NO
1215000172,150011,Complexo Hospitalario Universitario A Coruña,Galicia,A Coruña,"Coruña, A",Lugar Jubias de Arriba 84,15006,981178000,1365,Hospitales Generales,Servicios e Institutos de Salud de Las Comunidades Autónomas,,Sin concierto,SI
1215000173,150050,Centro Oncoloxico de Galicia,Galicia,A Coruña,"Coruña, A",Calle Doctor Camilo Veiras 1,15009,981287499,56,Hospitales especializados,Privados,,Concierto sustitutorio,NO
1215000174,150063,Hospital Quironsalud A Coruña,Galicia,A Coruña,"Coruña, A",Calle Londres 2,15009,981219800,127,Hospitales Generales,Privados,,Sin concierto,NO
1215000175,150079,Hospital San Rafael,Galicia,A Coruña,"Coruña, A",Lugar Jubias de Arriba 82,15006,981179000,120,Hospitales Generales,Privados,,Concierto parcial,NO
1215000176,150354,HM Modelo-Belen,Galicia,A Coruña,"Coruña, A",Calle Virrey Osorio 30,15011,981147300,146,Hospitales Generales,Privados,,Sin concierto,NO
1215000177,150130,Complexo Hospitalario Universitario de Ferrol,Galicia,A Coruña,Ferrol,Avenida Residencia S/N,15405,981334000,469,Hospitales Generales,Servicios e Institutos de Salud de Las Comunidades Autónomas,,Sin concierto,SI
1215000178,150177,Hospital Ribera Juan Cardona,Galicia,A Coruña,Ferrol,Calle Pardo Bazán S/N,15406,981312500,150,Hospitales Generales,Privados,,Concierto parcial,NO
1215000179,150200,Complexo Hospitalario Universitario de Santiago,Galicia,A Coruña,Santiago de Compostela,Calle Choupana (Da) S/N,15706,981950000,1511,Hospitales Generales,Servicios e Institutos de Salud de Las Comunidades Autónomas,,Sin concierto,SI
1215000181,150365,Hospital HM Rosaleda-HM La Esperanza,Galicia,A Coruña,Santiago de Compostela,Calle Santiago León de Caracas (De) 1,15701,981551200;981551225,119,Hospitales Generales,Privados,,Concierto parcial,NO
1215000182,150336,Hospital Publico Da Barbanza,Galicia,A Coruña,Ribeira,Lugar Salmon S/N,15993,981835985,82,Hospitales Generales,Servicios e Institutos de Salud de Las Comunidades Autónomas,,Sin concierto,NO
1215000183,150341,Hospital Publico Virxe Da Xunqueira,Galicia,A Coruña,Cee,Paseo Alcalde Pepe Sánchez 7,15270,981706010,74,Hospitales Generales,Servicios e Institutos de Salud de Las Comunidades Autónomas,,Sin concierto,NO
1227000093,270018,Complexo Hospitalario Universitario de Lugo,Galicia,Lugo,Lugo,Calle Ulises Romero 1,27003,982296000,817,Hospitales Generales,Servicios e Institutos de Salud de Las Comunidades Autónomas,,Sin concierto,SI
1227000094,270095,Hospital Publico Da Mariña,Galicia,Lugo,Burela,Calle Medico Vior S/N,27880,982589901,156,Hospitales Generales,Servicios e Institutos de Salud de Las Comunidades Autónomas,,Sin concierto,SI
1227000095,270109,Hospital Publico de Monforte,Galicia,Lugo,Monforte de Lemos,Calle Corredoira S/N,27400,982417900,140,Hospitales Generales,Servicios e Institutos de Salud de Las Comunidades Autónomas,,Sin concierto,NO
1227000096,270057,Hospital Ribera Polusa,Galicia,Lugo,Lugo,Calle Doutor Iglesias Otero S/N,27004,982222854,97,Hospitales Generales,Privados,,Concierto parcial,NO
1227000097,270076,Hospital Quirón Salud Lugo,Galicia,Lugo,Lugo,Calle Montevideo 23,27001,982284040,69,Hospitales Generales,Privados,,Sin concierto,NO
1232000111,320013,Complexo Hospitalario Universitario de Ourense,Galicia,Ourense,Ourense,Calle Ramon Puga 52,32005,988385500,859,Hospitales Generales,Servicios e Institutos de Salud de Las Comunidades Autónomas,,Sin concierto,SI
1232000112,320126,Hospital Publico de Valdeorras,Galicia,Ourense,"Barco de Valdeorras, O",Avenida Conde de Fenosa 50,32300,988339000,100,Hospitales Generales,Servicios e Institutos de Salud de Las Comunidades Autónomas,,Sin concierto,NO
1232000113,320150,Hospital Publico de Verín,Galicia,Ourense,Verín,Carretera Laza (De) S/N,32600,988413636,98,Hospitales Generales,Servicios e Institutos de Salud de Las Comunidades Autónomas,,Sin concierto,NO
1232000114,320087,Centro Medico El Carmen,Galicia,Ourense,Ourense,Avenida Habana (De La) 50,32003,988223400,43,Hospitales Generales,Privados,,Sin concierto,NO
1232000115,320163,Clínica Santa Teresa,Galicia,Ourense,Ourense,Calle Sáenz Diez 11,32003,988371710,49,Hospitales Generales,Privados,,Concierto parcial,NO
1236000115,360182,Hospital Ribera Povisa,Galicia,Pontevedra,Vigo,Calle Salamanca 5,36211,986413144,573,Hospitales Generales,Privados,,Concierto sustitutorio,SI
1236000116,360340,Complexo Hospitalario Universitario de Pontevedra,Galicia,Pontevedra,Pontevedra,Calle Mourente S/N,36071,986800000,584,Hospitales Generales,Servicios e Institutos de Salud de Las Comunidades Autónomas,,Sin concierto,SI
1236000117,360059,Grupo Quironsalud Pontevedra,Galicia,Pontevedra,Pontevedra,Calle Fray Juan Navarrete 9,36001,986856800,127,Hospitales Generales,Privados,,Sin concierto,NO
1236000120,360209,Vithas Hospital Nosa Señora de Fátima,Galicia,Pontevedra,Vigo,Calle Vía Norte 48,36206,986821100,200,Hospitales Generales,Privados,,Concierto parcial,NO
1236000122,360268,Hestia San José,Galicia,Pontevedra,Vigo,Calle Tomas A Alonso 89,36208,986235606,48,Hospitales de salud mental y tratamiento de toxicomanías,Privados,,Sin concierto,NO
1236000123,360255,Centro Medico Pintado,Galicia,Pontevedra,Vigo,Avenida Hispanidade 40,36203,986413300,12,Hospitales Generales,Privados,,Sin concierto,NO
1236000124,360160,"Fremap, Hospital de Vigo",Galicia,Pontevedra,Vigo,Calle Feliciano Rolan 12,36203,986413033,17,Hospitales especializados,Mútuas Colaboradoras con La Seguridad Social,,Sin concierto,NO
1236000125,360274,Clínica Residencia El Pinar,Galicia,Pontevedra,Vigo,Carretera Vella Madrid 120,36214,986266400,84,Hospitales de salud mental y tratamiento de toxicomanías,Privados,,Sin concierto,NO
1236000126,360216,Concheiro Centro Medico Quirúrgico,Galicia,Pontevedra,Vigo,Avenida Madrid 4,36204,986413244,40,Hospitales Generales,Privados,,Sin concierto,NO
1236000127,360353,Hospital Publico Do Salnes,Galicia,Pontevedra,Vilagarcía de Arousa,Calle Hospital Do Salnes 30,36619,986568000,131,Hospitales Generales,Servicios e Institutos de Salud de Las Comunidades Autónomas,,Sin concierto,NO
1236000128,360368,Complexo Hospitalario Universitario de Vigo,Galicia,Pontevedra,Vigo,Carretera Clara Campoamor 341,36312,986811111,1261,Hospitales Generales,Servicios e Institutos de Salud de Las Comunidades Autónomas,,Sin concierto,SI
1328000001,280856,Fremap Hospital Majadahonda,Madrid,Madrid,Majadahonda,Carretera M-515 (Pozuelo) 61,28220,917461540,116,Hospitales especializados,Mútuas Colaboradoras con La Seguridad Social,,Sin concierto,SI
1328000004,280783,Centro San Juan de Dios Ciempozuelos,Madrid,Madrid,Ciempozuelos,Avenida De San Juan de Dios 1,28350,918930001,434,Otros Centros con Internamiento,Privados,,Concierto parcial,SI
1328000006,280549,Hospital Fuensanta,Madrid,Madrid,Madrid,Calle De Arturo Soria 17,28027,914079295,20,Hospitales Generales,Privados,,Concierto parcial,SI
1328000007,280534,"Clínica La Luz, S.L.",Madrid,Madrid,Madrid,Calle Del Maestro Ángel Llorca 8,28003,915530500,152,Hospitales Generales,Privados,,Sin concierto,NO
1328000008,280604,Hospital Universitario La Zarzuela,Madrid,Madrid,Madrid,Calle De Pléyades 25,28023,915858000,116,Hospitales Generales,Privados,,Sin concierto,SI
1328000009,280421,Hospital Universitario Fundacion Jimenez Diaz,Madrid,Madrid,Madrid,Avenida De Los Reyes Católicos 2,28040,915504800,651,Hospitales Generales,Privados,,Concierto sustitutorio,SI
1328000010,280474,Hospital Nuestra Señora de América,Madrid,Madrid,Madrid,Calle De Arturo Soria 103-105-107,28043,914130061,100,Hospitales Generales,Privados,,Sin concierto,NO
1328000011,280626,Hospital HM Nuevo Belen,Madrid,Madrid,Madrid,Calle De José Silva 7,28043,917444100,60,Hospitales especializados,Privados,,Sin concierto,SI
1328000013,280552,Hospital Ruber Juan Bravo,Madrid,Madrid,Madrid,Calle De Juan Bravo 49,28006,914026100,146,Hospitales Generales,Privados,,Sin concierto,SI
1328000014,280468,Hospital San Camilo,Madrid,Madrid,Madrid,Calle De Juan Bravo 39,28006,914022100,81,Hospitales Generales,Privados,,Concierto parcial,NO
1328000015,280376,"Hospital Viamed Santa Elena, S.L",Madrid,Madrid,Madrid,Calle De Abtao 25,28007,914539400,70,Otros Centros con Internamiento,Privados,,Concierto parcial,SI
1328000016,280164,Hospital Carlos III,Madrid,Madrid,Madrid,Calle De Sinesio Delgado 8-10,28029,914532500,90,Otros Centros con Internamiento,Servicios e Institutos de Salud de Las Comunidades Autónomas,,Sin concierto.,NO
1328000017,280035,Hospital Universitario 12 de Octubre,Madrid,Madrid,Madrid,Avenida De Córdoba S/N,28041,913908000,1161,Hospitales Generales,Servicios e Institutos de Salud de Las Comunidades Autónomas,,Sin concierto,SI
1328000018,280360,Hospital Beata Maria Ana,Madrid,Madrid,Madrid,Calle Del Doctor Esquerdo 83,28007,914097423,163,Hospitales Generales,Privados,,Concierto parcial,NO
1328000019,280210,Hospital de Cantoblanco,Madrid,Madrid,Madrid,"Carretera De Colmenar Viejo K.14,500",28049,915867575,131,Otros Centros con Internamiento,Servicios e Institutos de Salud de Las Comunidades Autónomas,,Sin concierto.,NO
1328000020,280148,"Hospital Central de La Cruz Roja, San José y Santa Adela",Madrid,Madrid,Madrid,Avenida De La Reina Victoria 22-26,28003,914538300,156,Otros Centros con Internamiento,Servicios e Institutos de Salud de Las Comunidades Autónomas,,Sin concierto,SI
1328000021,280920,Hospital El Escorial,Madrid,Madrid,San Lorenzo de El Escorial,"Carretera De Guadarrama 6,255",28200,918973000,92,Hospitales Generales,Servicios e Institutos de Salud de Las Comunidades Autónomas,,Sin concierto,SI
1328000022,280761,Hospital de La Fuenfria,Madrid,Madrid,Cercedilla,Carretera De Dehesas S/N,28470,918520300,192,Hospitales de media y larga estancia,Servicios e Institutos de Salud de Las Comunidades Autónomas,,Sin concierto,NO
1328000023,280127,Hospital Universitario de La Princesa,Madrid,Madrid,Madrid,Calle De Diego de León 62,28006,915202200,524,Hospitales Generales,Servicios e Institutos de Salud de Las Comunidades Autónomas,,Sin concierto,SI
1328000024,280344,Hospital de La V.O.T. de San Francisco de Asís,Madrid,Madrid,Madrid,Calle De San Bernabé 13,28005,913657600,74,Otros Centros con Internamiento,Privados,,Sin concierto,NO
1328000025,280954,Hospital Universitario HM Madrid,Madrid,Madrid,Madrid,Plaza Del Conde del Valle de Suchil 16,28015,914476600,99,Hospitales Generales,Privados,,Sin concierto,SI
1328000026,280894,Hospital Universitario de Móstoles,Madrid,Madrid,Móstoles,Calle Rio Júcar S/N,28935,916648600,328,Hospitales Generales,Servicios e Institutos de Salud de Las Comunidades Autónomas,,Sin concierto,SI
1328000027,280246,Hospital General Universitario Gregorio Marañón,Madrid,Madrid,Madrid,Calle Del Doctor Esquerdo 46,28007,915868000,1140,Hospitales Generales,Servicios e Institutos de Salud de Las Comunidades Autónomas,,Sin concierto.,NO
1328000028,280133,Hospital Infantil Universitario Niño Jesús,Madrid,Madrid,Madrid,Avenida De Menéndez Pelayo 65,28009,915035900,170,Hospitales especializados,Servicios e Institutos de Salud de Las Comunidades Autónomas,,Sin concierto,SI
1328000029,280416,Fundacion Instituto San José,Madrid,Madrid,Madrid,Calle Del Pinar de San José 98,28054,915080140,305,Hospitales de media y larga estancia,Privados,,Concierto parcial,NO
1328000030,280565,Hospital Ruber Internacional,Madrid,Madrid,Madrid,Calle De La Maso 38,28034,913875000,143,Hospitales Generales,Privados,,Sin concierto,NO
1328000031,280014,Hospital Universitario La Paz,Madrid,Madrid,Madrid,Paseo De La Castellana 261,28046,917277000,966,Hospitales Generales,Servicios e Institutos de Salud de Las Comunidades Autónomas,,Sin concierto.,NO
1328000032,280796,Hospital Asepeyo Madrid,Madrid,Madrid,Coslada,Calle De Joaquín de Cárdenas 2,28823,916735011,133,Hospitales especializados,Mútuas Colaboradoras con La Seguridad Social,,Sin concierto,SI
1328000033,280800,Hospital Asociado Universitario Guadarrama,Madrid,Madrid,Guadarrama,Paseo Molino del Rey 2,28440,918562000,144,Hospitales de media y larga estancia,Servicios e Institutos de Salud de Las Comunidades Autónomas,,Sin concierto,NO
1328000034,280745,Hospital Universitario Príncipe de Asturias,Madrid,Madrid,Alcalá de Henares,Carretera De Meco S/N,28805,918878100,507,Hospitales Generales,Servicios e Institutos de Salud de Las Comunidades Autónomas,,Sin concierto,SI
1328000035,280936,Hospital Virgen de La Poveda,Madrid,Madrid,Villa del Prado,Carretera M-952 (Acceso Al Hospital) KM.5,28630,918608000,202,Hospitales de media y larga estancia,Servicios e Institutos de Salud de Las Comunidades Autónomas,,Sin concierto,SI
1328000036,280262,Hospital Psiquiátrico Doctor Rodriguez Lafora,Madrid,Madrid,Madrid,"Carretera De Colmenar Viejo K.13,8",28049,915867500,336,Hospitales de salud mental y tratamiento de toxicomanías,Servicios e Institutos de Salud de Las Comunidades Autónomas,,Sin concierto,SI
1328000037,280777,Complejo Asistencial Benito Menni,Madrid,Madrid,Ciempozuelos,Calle De Los Jardines 1,28350,918930150,344,Hospitales de salud mental y tratamiento de toxicomanías,Privados,,Red de utilización pública (RUP),NO
1328000039,280029,Hospital Universitario Ramon y Cajal,Madrid,Madrid,Madrid,Calle De Ayala 38,28001,913368000,886,Hospitales Generales,Servicios e Institutos de Salud de Las Comunidades Autónomas,,Red de utilización pública (RUP),SI
1328000040,280339,Hospital San Rafael,Madrid,Madrid,Madrid,Calle De Serrano 199,28016,915649943,184,Hospitales Generales,Privados,,Concierto parcial,NO
1328000041,280112,Hospital Universitario Santa Cristina,Madrid,Madrid,Madrid,Calle Del Maestro Vives 2,28009,915574300,156,Hospitales Generales,Servicios e Institutos de Salud de Las Comunidades Autónomas,,Sin concierto,NO
1328000042,280838,Hospital Universitario Severo Ochoa,Madrid,Madrid,Leganés,Avenida Orellana S/N,28911,914818000,386,Hospitales Generales,Servicios e Institutos de Salud de Las Comunidades Autónomas,,Sin concierto,SI
1328000043,280072,Hospital Universitario Clínico San Carlos,Madrid,Madrid,Madrid,Calle Del Profesor Martin Lagos S/N,28040,913303000,861,Hospitales Generales,Servicios e Institutos de Salud de Las Comunidades Autónomas,,Sin concierto,SI
1328000044,280091,Hospital Virgen de La Torre,Madrid,Madrid,Madrid,Calle Del Puerto de Lumbreras 5,28031,913315814,91,Hospitales de media y larga estancia,Servicios e Institutos de Salud de Las Comunidades Autónomas,,Sin concierto.,NO
1328000046,280650,Clínica López Ibor,Madrid,Madrid,Madrid,Calle Del Doctor Juan José López Ibor 2,28035,913162740,67,Hospitales de salud mental y tratamiento de toxicomanías,Privados,,Sin concierto,NO
1328000048,280259,Instituto Provincial de Rehabilitación,Madrid,Madrid,Madrid,Calle De Francisco Silvela 40,28028,915868967,96,Hospitales especializados,Servicios e Institutos de Salud de Las Comunidades Autónomas,,Sin concierto.,NO
1328000049,280843,Hospital Universitario José Germain,Madrid,Madrid,Leganés,Calle Luna 1,28911,915856500,41,Hospitales de salud mental y tratamiento de toxicomanías,Servicios e Institutos de Salud de Las Comunidades Autónomas,,Sin concierto.,NO
1328000050,280409,Clínica Nuestra Señora de La Paz,Madrid,Madrid,Madrid,Calle De López de Hoyos 259,28043,914156000,99,Hospitales de salud mental y tratamiento de toxicomanías,Privados,,Red de utilización pública (RUP),SI
1328000051,280395,Clínica San Miguel,Madrid,Madrid,Madrid,Calle De Arturo Soria 204,28043,914135011,145,Hospitales de salud mental y tratamiento de toxicomanías,Privados,,Concierto parcial,NO
1328000052,280679,"Sanatorio Esquerdo, S.A.",Madrid,Madrid,Madrid,Avenida De Los Poblados 70,28044,917061100,130,Hospitales de salud mental y tratamiento de toxicomanías,Privados,,Sin concierto,NO
1328000053,280587,Hospital La Milagrosa S.A.,Madrid,Madrid,Madrid,Calle De Modesto Lafuente 14,28010,914472100,142,Hospitales Generales,Privados,,Sin concierto,SI
1328000054,280647,Clínica Dr. León,Madrid,Madrid,Madrid,Plaza De Mariano de Cavia 3,28007,914332948,96,Hospitales de salud mental y tratamiento de toxicomanías,Privados,,Sin concierto,NO
1328000057,280323,Sanatorio Nuestra Señora del Rosario,Madrid,Madrid,Madrid,Calle Del Cardenal Cisneros 7,28010,914359100,99,Hospitales Generales,Privados,,Sin concierto,NO
1328000058,280442,Hospital Virgen del Mar,Madrid,Madrid,Madrid,Calle De Honduras 14,28016,913539500,73,Hospitales Generales,Privados,,Sin concierto,SI
1328000059,280382,Hospital San Francisco de Asís,Madrid,Madrid,Madrid,Calle De Joaquín Costa 28,28002,915630360,168,Hospitales Generales,Privados,,Sin concierto,NO
1328000060,280357,Hospital Quironsalud San José,Madrid,Madrid,Madrid,Calle De Cartagena 111,28002,914153100,84,Hospitales Generales,Privados,,Concierto parcial,NO
1328000061,280455,Hospital Hestia Madrid,Madrid,Madrid,Madrid,Carretera De Colmenar Viejo KM.16,28049,917340500,297,Hospitales de media y larga estancia,Privados,,Sin concierto,NO
1328000062,280989,Hospital Universitario de Getafe,Madrid,Madrid,Getafe,"Carretera De Madrid-Toledo KM.12,500",28905,916839360,543,Hospitales Generales,Servicios e Institutos de Salud de Las Comunidades Autónomas,,Sin concierto,SI
1328000063,281034,Clínica Isadora S.A.,Madrid,Madrid,Madrid,Calle De Los Pirineos 7,28040,913111000,20,Otros Centros con Internamiento,Privados,,Concierto parcial,NO
1328000064,281049,Hospital Ha Universitario Moncloa,Madrid,Madrid,Madrid,Avenida De Valladolid 83,28008,915954500,235,Hospitales Generales,Privados,,Red de utilización pública (RUP),SI
1328000065,281087,Clínica Cemtro,Madrid,Madrid,Madrid,Avenida Del Ventisquero de La Condesa 42,28035,917355757,100,Hospitales Generales,Privados,,Sin concierto,NO
1328000066,281071,Hospital Universitario Fundacion Alcorcón,Madrid,Madrid,Alcorcón,Calle Budapest 1,28922,916219400,401,Hospitales Generales,Servicios e Institutos de Salud de Las Comunidades Autónomas,,Sin concierto,SI
1328000067,281090,Hospital Universitario HM Monteprincipe,Madrid,Madrid,Boadilla del Monte,Avenida De Monteprincipe 25,28660,917089900,170,Hospitales Generales,Privados,,Sin concierto,SI
1328000069,281113,Hospital Md Anderson Cáncer Center Madrid,Madrid,Madrid,Madrid,Calle De Gómez Hemans 2,28033,913834980,99,Hospitales especializados,Privados,,Concierto parcial,NO
1328000070,281124,Hospital Quironsalud Sur,Madrid,Madrid,Alcorcón,Calle De Estambul 30,28922,917810682,81,Hospitales Generales,Privados,,Sin concierto,NO
1328000071,281146,Hospital Universitario de Fuenlabrada,Madrid,Madrid,Fuenlabrada,Camino Del Molino 2,28942,916006000,413,Hospitales Generales,Servicios e Institutos de Salud de Las Comunidades Autónomas,,Sin concierto,SI
1328000072,281157,Hospital Universitario HM Torrelodones,Madrid,Madrid,Torrelodones,Avenida Castillo de Olivares S/N,28250,912675000,86,Hospitales Generales,Privados,,Sin concierto,SI
1328000073,281180,Hospital Los Madroños,Madrid,Madrid,Brunete,"Carretera De M-501 (De Alcorcón A Plasencia) KM.17,900",28690,918163526,53,Hospitales Generales,Privados,,Sin concierto,NO
1328000074,281179,Hospital Universitario La Moraleja,Madrid,Madrid,Madrid,Avenida De Francisco Pi y Margall 81,28050,913244805,121,Hospitales Generales,Privados,,Sin concierto,NO
1328000076,281203,Hospital Universitario Quironsalud Madrid,Madrid,Madrid,Pozuelo de Alarcón,Calle Diego de Velázquez 1,28223,917992380,278,Hospitales Generales,Privados,,Sin concierto,SI
1328000077,281247,Hospital Pardo de Aravaca,Madrid,Madrid,Madrid,Calle De La Salle 12,28023,917402682,88,Hospitales Generales,Privados,,Concierto parcial,SI
1328000078,281225,Hospital Universitario HM Sanchinarro,Madrid,Madrid,Madrid,Calle De Oña 10,28050,917567800,198,Hospitales Generales,Privados,,Sin concierto,SI
1328000079,281214,Hospital Centro de Cuidados Laguna,Madrid,Madrid,Madrid,Calle Del Concejal Francisco José Jimenez Martin 128,28047,914010708,36,Hospitales de media y larga estancia,Privados,,Sin concierto,NO
1328000080,281236,Hospital Universitario Infanta Elena,Madrid,Madrid,Valdemoro,Avenida Reyes Católicos 21,28342,918948410,186,Hospitales Generales,Servicios e Institutos de Salud de Las Comunidades Autónomas,,Concierto sustitutorio,SI
1328000081,281269,Hospital Universitario del Henares,Madrid,Madrid,Coslada,Avenida De Marie Curie S/N,28822,911912000,249,Hospitales Generales,Servicios e Institutos de Salud de Las Comunidades Autónomas,,Sin concierto,SI
1328000082,281258,Hospital Universitario Infanta Sofia,Madrid,Madrid,San Sebastián de los Reyes,Paseo Europa 34,28702,911914000,276,Hospitales Generales,Servicios e Institutos de Salud de Las Comunidades Autónomas,,Sin concierto,SI
1328000083,281304,Hospital Universitario Infanta Cristina,Madrid,Madrid,Parla,Avenida 9 de Junio 2,28981,911913000,188,Hospitales Generales,Servicios e Institutos de Salud de Las Comunidades Autónomas,,Sin concierto,SI
1328000084,281292,Hospital Universitario del Tajo,Madrid,Madrid,Aranjuez,Avenida Amazonas Central S/N,28300,918014100,102,Hospitales Generales,Servicios e Institutos de Salud de Las Comunidades Autónomas,,Sin concierto,SI
1328000085,281281,Hospital Universitario del Sureste,Madrid,Madrid,Arganda del Rey,Ronda Del Sur 10,28500,918394000,132,Hospitales Generales,Servicios e Institutos de Salud de Las Comunidades Autónomas,,Sin concierto,SI
1328000086,281270,Hospital Universitario Infanta Leonor,Madrid,Madrid,Madrid,Avenida De La Gran Vía del Este 80,28031,911918000,269,Hospitales Generales,Servicios e Institutos de Salud de Las Comunidades Autónomas,,Sin concierto.,NO
1328000087,281315,Hospital Universitario Puerta de Hierro Majadahonda,Madrid,Madrid,Majadahonda,Calle Manuel de Falla 1,28222,911916000,613,Hospitales Generales,Servicios e Institutos de Salud de Las Comunidades Autónomas,,Sin concierto,SI
1328000088,281326,Casta Guadarrama,Madrid,Madrid,Guadarrama,"Carretera De La Coruña KM.50,300",28440,915949500,157,Hospitales de salud mental y tratamiento de toxicomanías,Privados,,Sin concierto,NO
1328000089,281337,Hospital Universitario de Torrejón,Madrid,Madrid,Torrejón de Ardoz,Calle Mateo Inurria 1,28850,000000000,250,Hospitales Generales,Servicios e Institutos de Salud de Las Comunidades Autónomas,,Sin concierto,SI
1328000090,281348,ID Dalud Móstoles Sa,Madrid,Madrid,Móstoles,Calle Gladiolo S/N,28933,913702929,362,Hospitales Generales,Servicios e Institutos de Salud de Las Comunidades Autónomas,,Concierto sustitutorio,SI
1328016665,281359,Hospital General de Villalba,Madrid,Madrid,Collado Villalba,"Carretera De Alpedrete M-608, KM. 41",28400,913702929,217,Hospitales Generales,Servicios e Institutos de Salud de Las Comunidades Autónomas,,Concierto sustitutorio,SI
1328016888,281360,Hospital Universitario HM Puerta del Sur,Madrid,Madrid,Móstoles,Avenida De Carlos V 70,28938,000000000,182,Hospitales Generales,Privados,,Sin concierto,SI
1328019438,280724,Hospital Central de La Defensa Gómez Ulla,Madrid,Madrid,Madrid,Glorieta Del Ejercito S/N,28047,914222000,475,Hospitales Generales,Ministerio de Defensa,,Sin concierto,SI
1328020032,281393,Clínica Universidad de Navarra,Madrid,Madrid,Madrid,Calle Del Marquesado de Santa Marta 1,28022,000000000,72,Hospitales Generales,Privados,,Sin concierto,NO
1328020932,281371,Hospital HM Valles,Madrid,Madrid,Alcalá de Henares,Calle Santiago 14,28801,918883262,20,Otros Centros con Internamiento,Privados,,Concierto parcial,SI
1328020933,281438,Hospital Universitario José Germain,Madrid,Madrid,Leganés,Calle Aragón 17,28913,000000000,134,Hospitales de salud mental y tratamiento de toxicomanías,Servicios e Institutos de Salud de Las Comunidades Autónomas,,Sin concierto.,NO
1328021504,281383,"Fraternidad Muprespa, Mutua Colaboradora Con La Seguridad Social Nº 275",Madrid,Madrid,Madrid,Paseo De La Habana 83,28036,000000000,50,Hospitales especializados,Mútuas Colaboradoras con La Seguridad Social,,Sin concierto,SI
1328023076,281445,Servicio Madrileño de Salud,Madrid,Madrid,Madrid,Avenida De Manuel Fraga Iribarne 2,28055,913702929,102,Otros Centros con Internamiento,Servicios e Institutos de Salud de Las Comunidades Autónomas,,Sin concierto,NO
1328023818,281456,Hospital Quirón Salud Valle del Henares,Madrid,Madrid,Torrejón de Ardoz,Avenida Constitución 249,28850,000000000,79,Hospitales Generales,Privados,,Sin concierto,NO
1328026468,281467,"HM Hospitales 1.989, S.A.",Madrid,Madrid,Rivas-Vaciamadrid,Avenida De José Hierro 94,28521,000000000,51,Hospitales Generales,Privados,,Sin concierto,SI
1328026683,281478,Alm Univass S.L.,Madrid,Madrid,Madrid,Calle De Las Cerilleras 7,28054,000000000,39,Hospitales de media y larga estancia,Privados,,Sin concierto,NO
1328030390,281491,"HM Hospitales 1989, S.A.",Madrid,Madrid,Madrid,Calle De Cobos de Segovia 4,28005,914444244,90,Hospitales Generales,Privados,,Sin concierto,NO
1430000001,300177,Hospital Ntra. Sra. del Perpetuo Socorro,Región de Murcia,Murcia,Cartagena,Calle Sebastián Feringan 12,30205,968510500,205,Otros Centros con Internamiento,Privados,,Concierto parcial,NO
1430000002,300294,Ribera Hospital de Molina,Región de Murcia,Murcia,Molina de Segura,Calle Asociación S/N,30500,968644030,83,Otros Centros con Internamiento,Privados,,Concierto parcial,NO
1430000003,300085,Hospital Mesa del Castillo,Región de Murcia,Murcia,Murcia,Ronda Sur 20,30010,968246116,76,Otros Centros con Internamiento,Privados,,Concierto parcial,NO
1430000004,300317,Clínica San Felipe,Región de Murcia,Murcia,Murcia,Finca El Mayayo 16,30120,968889096,62,Hospitales de salud mental y tratamiento de toxicomanías,Privados,,Concierto parcial,NO
1430000005,300026,Hospital General Universitario Reina Sofia,Región de Murcia,Murcia,Murcia,Avenida Intendente Jorge Palacios 1,30003,968359000,346,Hospitales Generales,Servicios e Institutos de Salud de Las Comunidades Autónomas,,Sin concierto,SI
1430000007,300339,Hospital de Cuidados Medios Villademar,Región de Murcia,Murcia,San Pedro del Pinatar,Avenida Concejal Mariano Henarejos 13,30740,968187346,99,Hospitales de media y larga estancia,Privados,,Concierto parcial,NO
1430000036,300362,Hospital General Universitario Santa Lucia,Región de Murcia,Murcia,Cartagena,Calle Mezquita (Paraje Los Arcos) S/N,30202,968128600,667,Hospitales Generales,Servicios e Institutos de Salud de Las Comunidades Autónomas,,Sin concierto.,NO
1430000047,300222,Hospital General Universitario Los Arcos del Mar Menor,Región de Murcia,Murcia,San Javier,Paraje Torre Octavio S/N,30739,968565000,255,Hospitales Generales,Servicios e Institutos de Salud de Las Comunidades Autónomas,,Sin concierto,SI
1430000051,300269,Hospital G. Universitario J.M. Morales Meseguer,Región de Murcia,Murcia,Murcia,Avenida Marques de Los Vélez 0,30008,968240601,394,Hospitales Generales,Servicios e Institutos de Salud de Las Comunidades Autónomas,,Sin concierto,SI
1430000053,300079,Hospital La Vega Grupo Ha,Región de Murcia,Murcia,Murcia,Calle Doctor Román Alberca S/N,30008,968278100,142,Hospitales Generales,Privados,,Concierto parcial,NO
1430000054,300161,Santo y Real Hospital de Caridad,Región de Murcia,Murcia,Cartagena,Camino Barrio Peral S/N,30310,968510300,154,Hospitales de media y larga estancia,Privados,,Concierto parcial,NO
1430000055,300050,Hospital Quironsalud Murcia,Región de Murcia,Murcia,Murcia,Calle Miguel Hernández 12,30011,968365000,131,Hospitales Generales,Privados,,Concierto parcial,SI
1430000056,300098,Sanatorio Dr. Muñoz,Región de Murcia,Murcia,Murcia,Carretera Cartagena 59,30120,968885550,50,Hospitales de salud mental y tratamiento de toxicomanías,Privados,,Sin concierto,NO
1430000057,300275,Hospital Ibermutuamur - Patología Laboral,Región de Murcia,Murcia,Murcia,Calle Antonio Rocamora 4,30100,968394000,26,Hospitales especializados,Mútuas Colaboradoras con La Seguridad Social,,Sin concierto,NO
1430000058,300281,Hospital de La Vega Lorenzo Guirao,Región de Murcia,Murcia,Cieza,Carretera De Abaran S/N,30530,968775550,124,Hospitales Generales,Servicios e Institutos de Salud de Las Comunidades Autónomas,,Sin concierto,SI
1430000059,300243,Hospital Virgen del Castillo,Región de Murcia,Murcia,Yecla,Avenida De La Feria S/N,30510,968719804,98,Hospitales Generales,Servicios e Institutos de Salud de Las Comunidades Autónomas,,Sin concierto,SI
1430000060,300011,Hospital Clínico Universitario Virgen de La Arrixaca,Región de Murcia,Murcia,Murcia,Carretera Madrid-Cartagena S/N,30120,968369500,937,Hospitales Generales,Servicios e Institutos de Salud de Las Comunidades Autónomas,,Sin concierto,SI
1430000061,300124,Hospital Comarcal del Noroeste,Región de Murcia,Murcia,Caravaca de la Cruz,Avenida Miguel Espinosa S/N,30400,968709100,115,Hospitales Generales,Servicios e Institutos de Salud de Las Comunidades Autónomas,,Sin concierto,SI
1430000062,300145,Hospital Santa Maria del Rosell,Región de Murcia,Murcia,Cartagena,Paseo Alfonso Xia 61,30203,968504800,41,Hospitales Generales,Servicios e Institutos de Salud de Las Comunidades Autónomas,,Sin concierto.,NO
1430000063,300256,Hospital Rafael Méndez,Región de Murcia,Murcia,Lorca,"Carretera Nacional 340, Km 589 S/N",30817,968445500,287,Hospitales Generales,Servicios e Institutos de Salud de Las Comunidades Autónomas,,Sin concierto,SI
1430000064,300217,Hospital Virgen del Alcázar de Lorca,Región de Murcia,Murcia,Lorca,Alameda De Los Tristes S/N,30800,968468600,175,Otros Centros con Internamiento,Privados,,Concierto parcial,NO
1430000065,300119,Hospital Viamed San José,Región de Murcia,Murcia,Alcantarilla,Calle Maestra Lola Meseguer S/N,30820,658762214,139,Otros Centros con Internamiento,Privados,,Concierto parcial,NO
1430000066,300196,Hospital Asilo de La Real Piedad de Cehegín,Región de Murcia,Murcia,Cehegín,Plaza Mesoncico 3,30430,968741156,40,Hospitales de media y larga estancia,Privados,,Concierto parcial,NO
1430000067,300032,Hospital Psiquiátrico Román Alberca,Región de Murcia,Murcia,Murcia,Calle Lorca 58 CALLE LORCA 58,30120,968365800,105,Hospitales de salud mental y tratamiento de toxicomanías,Servicios e Institutos de Salud de Las Comunidades Autónomas,,Sin concierto,SI
1430000068,300130,Hospital Centro Medico Virgen de La Caridad Caravaca,Región de Murcia,Murcia,Caravaca de la Cruz,Calle Doctor Robles S/N,30400,968705541,39,Otros Centros con Internamiento,Privados,,Concierto parcial,NO
1430000348,300384,Hospital C. M. Virgen de La Caridad Cartagena,Región de Murcia,Murcia,Cartagena,Calle Jorge Juan 30,30205,968506666,59,Otros Centros con Internamiento,Privados,,Concierto parcial,NO
1430002216,300373,Hospital Perpetuo Socorro Alameda,Región de Murcia,Murcia,Cartagena,Calle Alameda San Antón 6,30205,968510500,93,Otros Centros con Internamiento,Privados,,Concierto parcial,NO
1430006876,300406,Hospital del Guadalentín,Región de Murcia,Murcia,Mazarrón,Calle Jerez de La Frontera S/N URB CAMPOSOL SECOR A,30875,607758971,36,Otros Centros con Internamiento,Privados,,Sin concierto,NO
1430006933,300395,Hospital IMED Virgen de La Fuensanta,Región de Murcia,Murcia,Murcia,Calle Padre Félix Sánchez Blanco 5,30009,639142354,37,Otros Centros con Internamiento,Privados,,Sin concierto,NO
1531000729,310137,Hospital Reina Sofia,C. Foral de Navarra,Navarra,Tudela,Carretera Tarazona KM. 3 -,31500,848434000,190,Hospitales Generales,Servicios e Institutos de Salud de Las Comunidades Autónomas,,Concierto parcial,SI
1531000730,310121,Hospital Garcia Orcoyen,C. Foral de Navarra,Navarra,Estella-Lizarra,Calle Santa Soria 22 -,31200,848435000,108,Hospitales Generales,Servicios e Institutos de Salud de Las Comunidades Autónomas,,Sin concierto,SI
1531000733,310060,Clínica Universidad de Navarra,C. Foral de Navarra,Navarra,Pamplona/Iruña,Avenida Pio Xia 36 -,31008,948255400,230,Hospitales Generales,Privados,,Concierto parcial,SI
1531000734,310109,Centro Hospitalario Benito Menni,C. Foral de Navarra,Navarra,Baztan,Calle Mendinueta S/N -,31700,948452162,158,Hospitales de salud mental y tratamiento de toxicomanías,Privados,,Sin concierto,NO
1531000736,310057,Clínica Psiquiatrica Padre Menni,C. Foral de Navarra,Navarra,Pamplona/Iruña,Calle Joaquín Beunza 45 -,31014,948140611,217,Hospitales de salud mental y tratamiento de toxicomanías,Privados,,Concierto parcial,NO
1531000737,310044,Hospital San Juan de Dios,C. Foral de Navarra,Navarra,Pamplona/Iruña,Calle Beloso Alto 3 -,31006,948231800,288,Hospitales Generales,Privados,,Sin concierto,NO
1531000738,310076,Clínica Arcángel San Miguel - Pamplona,C. Foral de Navarra,Navarra,Pamplona/Iruña,Calle Beloso Alto 32 -,31006,948296000,72,Hospitales Generales,Privados,,Sin concierto,NO
1531000739,310039,Centro San Francisco Javier,C. Foral de Navarra,Navarra,Pamplona/Iruña,Avenida Villava 53 -,31015,948422730,84,Hospitales de salud mental y tratamiento de toxicomanías,Servicios e Institutos de Salud de Las Comunidades Autónomas,,Sin concierto,NO
1531000740,310142,Clínica Psico geriátrica Josefina Arregui,C. Foral de Navarra,Navarra,Altsasu/Alsasua,Calle Erburua S/N -,31800,948563850,21,Hospitales de salud mental y tratamiento de toxicomanías,Privados,,Red de utilización pública (RUP),SI
1531002230,310150,Hospital Universitario de Navarra,C. Foral de Navarra,Navarra,Pamplona/Iruña,Calle Irunlarrea 3 -,31008,848422222,1077,Hospitales Generales,Servicios e Institutos de Salud de Las Comunidades Autónomas,,Sin concierto,SI
1601000003,010040,Hospital Vithas Vitoria,País Vasco,Álava,Vitoria-Gasteiz,Calle Beato Tomas de Zumarraga 10,01008,945140900,68,Hospitales Generales,Privados,,Sin concierto,NO
1601000004,010053,Hospital Quironsalud Vitoria,País Vasco,Álava,Vitoria-Gasteiz,Calle La Esperanza 3,01002,945252500,26,Hospitales Generales,Privados,,Concierto parcial,NO
1601000006,010088,Hospital de Leza,País Vasco,Álava,Laguardia,Calle Hospital de Leza 1,01309,945006900,63,Hospitales de media y larga estancia,Servicios e Institutos de Salud de Las Comunidades Autónomas,,Sin concierto,NO
1601000007,010035,Red de Salud Mental de Araba (Hospital Psiquiátrico de Araba),País Vasco,Álava,Vitoria-Gasteiz,"Calle Álava, Calle/Kalea 43",01006,945006555,175,Hospitales de salud mental y tratamiento de toxicomanías,Servicios e Institutos de Salud de Las Comunidades Autónomas,,Sin concierto,NO
1601000510,010090,Hospital Universitario Araba (Sede Txagorritxu y Sede Santiago),País Vasco,Álava,Vitoria-Gasteiz,Calle José Achotegui 1,01009,945007007,806,Hospitales Generales,Servicios e Institutos de Salud de Las Comunidades Autónomas,,Sin concierto,SI
1620000001,200049,Mutualia Clínica Pakea,País Vasco,Guipúzcoa,Donostia/San Sebastián,Paseo Arriola 26,20018,902540250,19,Hospitales especializados,Mútuas Colaboradoras con La Seguridad Social,,Concierto parcial,NO
1620000002,200104,Policlínica Gipuzkoa,País Vasco,Guipúzcoa,Donostia/San Sebastián,Paseo Miramón 174,20014,943002800;943309550,149,Hospitales Generales,Privados,,Concierto parcial,NO
1620000005,200163,Hospital Bidasoa (Osi Bidasoa),País Vasco,Guipúzcoa,Hondarribia,Barrio Jaitzubia 154,20280,943007702;943007703,96,Hospitales Generales,Servicios e Institutos de Salud de Las Comunidades Autónomas,,Sin concierto,SI
1620000006,200258,Hospital de Mendaro (Osi Bajo Deba),País Vasco,Guipúzcoa,Mendaro,Calle Mendarozabal 2,20850,943032800,111,Hospitales Generales,Servicios e Institutos de Salud de Las Comunidades Autónomas,,Sin concierto,SI
1620000007,200185,Organización Sanitaria Integrada Debagoiena,País Vasco,Guipúzcoa,Arrasate/Mondragón,Avenida Nafarroa 16,20500,943035300,95,Hospitales Generales,Servicios e Institutos de Salud de Las Comunidades Autónomas,,Sin concierto,SI
1620000008,200219,Clínica Santa Maria de La Asunción (Inviza S. A.),País Vasco,Guipúzcoa,Tolosa,Cuesta Izaskungo Aldapa 9,20400,943697000,120,Hospitales Generales,Privados,,Concierto parcial,NO
1620000009,200245,Hospital de Zumarraga (Osi Goierri - Alto Urola),País Vasco,Guipúzcoa,Zumarraga,Grupo Argixao 1,20700,943035027,118,Hospitales Generales,Servicios e Institutos de Salud de Las Comunidades Autónomas,,Sin concierto,SI
1620000010,200261,Hospital Universitario Donostia,País Vasco,Guipúzcoa,Donostia/San Sebastián,Paseo Doctor Begiristain 109,20014,943007060,1034,Hospitales Generales,Servicios e Institutos de Salud de Las Comunidades Autónomas,,Sin concierto,SI
1620000011,200132,Fundacion Onkologikoa Fundazioa,País Vasco,Guipúzcoa,Donostia/San Sebastián,Paseo Doctor Begiristain 121,20014,943328000,26,Hospitales especializados,Privados,,Sin concierto,SI
1620000012,200071,Hospital Ricardo Bermingham,País Vasco,Guipúzcoa,Donostia/San Sebastián,"Camino Los Pinos, Camino/Bidea 35",20018,943317102,123,Hospitales de media y larga estancia,Privados,,Concierto parcial,SI
1620000013,200271,Hospital San Juan de Dios Donostia,País Vasco,Guipúzcoa,Donostia/San Sebastián,Camino San Juan de Dios 12,20009,943460033,81,Hospitales de salud mental y tratamiento de toxicomanías,Organizaciones No Gubernamentales,,Red de utilización pública (RUP),NO
1620000014,200198,Hospital Aita Menni,País Vasco,Guipúzcoa,Arrasate/Mondragón,Barrio Gesalibar 15,20509,943794411,437,Hospitales de salud mental y tratamiento de toxicomanías,Organizaciones No Gubernamentales,,Concierto parcial,NO
1620000015,200202,Hospital Psiquiátrico San Juan de Dios,País Vasco,Guipúzcoa,Arrasate/Mondragón,Barrio Gesalibar 14,20509,943793078,276,Hospitales de salud mental y tratamiento de toxicomanías,Organizaciones No Gubernamentales,,Concierto parcial,NO
1620000016,200230,"Sanatorio Usurbil, S. L.",País Vasco,Guipúzcoa,Usurbil,"Barrio Urdaiaga, Barrio/Auzoa 48",20170,943361124,80,Hospitales de salud mental y tratamiento de toxicomanías,Privados,,Red de utilización pública (RUP),NO
1648000005,480078,Hospital Universitario Basurto,País Vasco,Vizcaya,Bilbao,Avenida Montevideo 16,48013,944006000,697,Hospitales Generales,Servicios e Institutos de Salud de Las Comunidades Autónomas,,Sin concierto,SI
1648000006,480046,Hospital Cruz Roja de Bilbao - Victoria Eugenia,País Vasco,Vizcaya,Bilbao,Alameda Urquijo 65,48013,944434792,68,Hospitales Generales,Organizaciones No Gubernamentales,,Concierto parcial,NO
1648000008,480097,Clínica Virgen Blanca,País Vasco,Vizcaya,Bilbao,Calle Maestro Mendiri 2,48006,944127011,74,Hospitales Generales,Privados,,Sin concierto,NO
1648000010,480123,"Clínica Guimon, S.A.",País Vasco,Vizcaya,Bilbao,Calle Manuel Allende 24,48010,944215200,42,Hospitales Generales,Privados,,Sin concierto,NO
1648000011,480059,Sanatorio Bilbaíno,País Vasco,Vizcaya,Bilbao,Calle Gordoniz 18,48010,944430150,44,Hospitales Generales,Organizaciones No Gubernamentales,,Sin concierto,NO
1648000012,480160,"Clínica Indautxu, S.A.",País Vasco,Vizcaya,Bilbao,Calle Gordoniz 9,48010,639141723;944445012,36,Hospitales Generales,Privados,,Sin concierto,NO
1648000013,480176,Hospital Universitario Cruces,País Vasco,Vizcaya,Barakaldo,Plaza Cruces 11,48903,946006000,981,Hospitales Generales,Otros Centros o Establecimientos Públicos de Dependencia Estatal,,Sin concierto,SI
1648000014,480182,Hospital San Eloy,País Vasco,Vizcaya,Barakaldo,Avenida Miranda 5,48902,944006733,128,Hospitales Generales,Servicios e Institutos de Salud de Las Comunidades Autónomas,,Sin concierto,SI
1648000015,480209,Hospital Galdakao-Usansolo,País Vasco,Vizcaya,Galdakao,Calle Labeaga 46A,48960,944007000,481,Hospitales Generales,Servicios e Institutos de Salud de Las Comunidades Autónomas,,Sin concierto,SI
1648000016,480255,Hospital San Juan de Dios,País Vasco,Vizcaya,Santurtzi,Avenida Cristóbal de Murrieta 70,48980,902012450;944939900,100,Hospitales Generales,Organizaciones No Gubernamentales,,Concierto parcial,NO
1648000017,480305,Hospital Quironsalud Bizkaia,País Vasco,Vizcaya,Erandio,Carretera Leioa-Unbe 33,48950,902445595;944898000,110,Hospitales Generales,Privados,,Sin concierto,NO
1648000018,480025,Hospital Intermutual de Euskadi,País Vasco,Vizcaya,Bilbao,"Calle Fontecha y Salazar, Calle/Kalea 6",48007,944132381,44,Hospitales especializados,Mútuas Colaboradoras con La Seguridad Social,,Sin concierto,NO
1648000019,480031,Clínica Ercilla Mutualia,País Vasco,Vizcaya,Bilbao,"Calle Ercilla, Calle/Kalea 10",48009,944252500;944252502,22,Hospitales especializados,Mútuas Colaboradoras con La Seguridad Social,,Concierto parcial,NO
1648000020,480010,Hospital Santa Marina,País Vasco,Vizcaya,Bilbao,"Carretera Santa Marina, Carretera/Errepidea 41",48004,944006900,234,Hospitales de media y larga estancia,Servicios e Institutos de Salud de Las Comunidades Autónomas,,Sin concierto,NO
1648000021,480216,Hospital de Gorliz,País Vasco,Vizcaya,Gorliz,Paseo Urezarantza 1,48630,944006603,149,Hospitales de media y larga estancia,Servicios e Institutos de Salud de Las Comunidades Autónomas,,Sin concierto,NO
1648000022,480293,Avances Médicos S.A.,País Vasco,Vizcaya,Santurtzi,"Avenida Cristóbal de Murrieta, Avenida/Etorbidea 70",48980,944947071,24,Hospitales de salud mental y tratamiento de toxicomanías,Privados,,Sin concierto,NO
1648000023,480195,Hospital de Bermeo,País Vasco,Vizcaya,Bermeo,Calle Tonpoi Bidea 0,48370,946029000,188,Hospitales de salud mental y tratamiento de toxicomanías,Servicios e Institutos de Salud de Las Comunidades Autónomas,,Sin concierto,NO
1648000025,480268,Hospital de Zaldibar,País Vasco,Vizcaya,Zaldibar,Avenida Bilbo S/N,48250,946032800,120,Hospitales de salud mental y tratamiento de toxicomanías,Servicios e Institutos de Salud de Las Comunidades Autónomas,,Sin concierto,NO
1648000026,480274,Hospital de Zamudio,País Vasco,Vizcaya,Zamudio,Barrio Arteaga 45,48170,944006524,142,Hospitales de salud mental y tratamiento de toxicomanías,Servicios e Institutos de Salud de Las Comunidades Autónomas,,Sin concierto,NO
1648002635,480316,Clínica Imq Zorrotzaurre,País Vasco,Vizcaya,Bilbao,Calle Ballets Olaeta 4,48014,944755000,128,Hospitales Generales,Privados,,Sin concierto,NO
1648004434,480327,Hospital Urduliz Ospitalea,País Vasco,Vizcaya,Urduliz,Calle Goieta 32,48610,946134800,128,Hospitales Generales,Servicios e Institutos de Salud de Las Comunidades Autónomas,,Sin concierto,NO
1726000067,260048,Hospital de La Rioja,La Rioja,La Rioja,Logroño,Avenida Avenida de Viana 1,26071,941298401,68,Hospitales Generales,Servicios e Institutos de Salud de Las Comunidades Autónomas,,Sin concierto.,NO
1726000080,260109,Clínica Los Manzanos,La Rioja,La Rioja,Lardero,Calle Hnos. Maristas S/N,26140,941499490,52,Hospitales Generales,Privados,,Sin concierto,NO
1726000383,260121,Centro Sociosanitario de Convalecencia Los Jazmines,La Rioja,La Rioja,Haro,Calle Severo Ochoa 5,26200,941303650,26,Hospitales de media y larga estancia,Privados,,Sin concierto,NO
1726000542,260099,Fundacion Hospital Calahorra,La Rioja,La Rioja,Calahorra,Carretera Carretera de Logroño S/N,26500,941151000,80,Hospitales Generales,Servicios e Institutos de Salud de Las Comunidades Autónomas,,Sin concierto,SI
1726000576,260027,Hospital Universitario San Pedro,La Rioja,La Rioja,Logroño,Calle Piqueras 98,26006,941298000,522,Hospitales Generales,Servicios e Institutos de Salud de Las Comunidades Autónomas,,Sin concierto.,NO
1726000699,260110,Centro Asistencial Albelda de Iregua,La Rioja,La Rioja,Albelda de Iregua,Carretera De Soria KM. 8,26120,941279220,140,Hospitales de salud mental y tratamiento de toxicomanías,Servicios e Institutos de Salud de Las Comunidades Autónomas,,Sin concierto,SI
1726000825,260132,Centro Sociosanitario de Convalecencia Nuestra Señora Virgen del Carmen,La Rioja,La Rioja,Calahorra,Calle Severo Ochoa S/N,26500,941010000,75,Hospitales de media y larga estancia,Otros Centros o Establecimientos Públicos de Dependencia Autonómica,,Red de utilización pública (RUP),NO
1726000846,260051,Policlínico Riojano Nuestra Señora de Valvanera,La Rioja,La Rioja,Logroño,Calle Ramon y Cajal S/N,26006,941211900,87,Hospitales de media y larga estancia,Privados,,Concierto sustitutorio,NO
1851000001,510039,Hospital Universitario de Ceuta,Ceuta,Ceuta,Ceuta,Calle Loma Colmenar S/N,51003,856907000,246,Hospitales Generales,Instituto de Gestión Sanitaria-Ingesa,,Sin concierto,SI
1952000109,520018,Hospital Comarcal,Melilla,Melilla,Melilla,Calle Remonta 2,52005,952670000,168,Hospitales Generales,Instituto de Gestión Sanitaria-Ingesa,,Sin concierto,NO
1952000235,520042,EV Medical-Rusadir,Melilla,Melilla,Melilla,Calle José Abadía Benhamú 1,52003,662691700,168,Otros Centros con Internamiento,Privados,,Sin concierto,NO
